0.01	0.9996904266560966
0.02	0.998865397499708
0.03	0.997532450421713
0.04	0.9957173100290251
0.05	0.9934570678059403
0.060000000000000005	0.9907961395739713
0.06999999999999999	0.9877804115896844
0.08	0.984445485713132
0.09	0.9807889062591449
0.09999999999999999	0.9766923828833736
0.11	0.9716450052789535
0.12	0.9632546363628012
0.13	0.9238669857798586
0.14	0.9991635911099961
0.15000000000000002	0.9870310798785763
0.16	0.9842515387518317
0.17	0.9852189581327103
0.18000000000000002	0.9887765741321237
0.19	0.9943895860107977
0.2	0.9997850164772
0.21000000000000002	0.9481107682686222
0.22	0.00007606748509068576
0.23	0.000055591495461134654
0.24000000000000002	0.00004683504940885922
0.25	0.00004178884818834425
0.26	0.000038456558487731016
0.27	0.00003607444536173382
0.28	0.000034280244682389933
0.29000000000000004	0.00003287770673443151
0.3	0.00003175037410635774
0.31	0.000030824374494726227
0.32	0.000030050395894718116
0.33	0.000029394165747229493
0.34	0.000028831071485793687
0.35000000000000003	0.000028342952154484544
0.36000000000000004	0.000027916097945583483
0.37	0.00002753995562779154
0.38	0.00002720626387990868
0.39	0.00002690845983657971
0.4	0.000026641262016859433
0.41000000000000003	0.000026400370624505893
0.42000000000000004	0.000026182245831751407
0.43	0.000025983946564773183
0.44	0.000025803008531427054
0.45	0.000025637347608119245
0.46	0.00002548518328319876
0.47000000000000003	0.00002534497333210738
0.48000000000000004	0.0000252153517511719
0.49	0.000025095045540266802
0.5	0.000024982726975738253
0.51	0.000024876582041617736
0.52	0.000024772600588670155
0.53	0.000024653792719008517
0.54	0.00002430572661662022
0.55	0.000022631513742692536
0.56	0.00002432834159604088
0.5700000000000001	0.000024340382818861755
0.5800000000000001	0.000024296595575241914
0.59	0.00002424410119057046
0.6	0.000024190790686416833
0.61	0.00002413878493353986
0.62	0.00002408875174388621
0.63	0.00002404088781314564
0.64	0.00002399520120276934
0.65	0.000023951629015381097
0.66	0.0000239100701454113
0.67	0.000023870415524744302
0.68	0.000023832543973475766
0.6900000000000001	0.000023796343294782257
0.7000000000000001	0.00002376169082187928
0.7100000000000001	0.000023728475738396127
0.72	0.000023696576415381648
0.73	0.000023665877091410712
0.74	0.0000236362406759879
0.75	0.000023607519933910033
0.76	0.000023579550586049747
0.77	0.000023552113376943858
0.78	0.000023524939143198027
0.79	0.00002349765141583508
0.8	0.00002346973054991669
0.81	0.000023440421978062026
0.8200000000000001	0.0000234086046713274
0.8300000000000001	0.000023372524730926444
0.8400000000000001	0.00002332920395143544
0.85	0.000023273609539323992
0.86	0.00002319681012479412
0.87	0.000023082747246247125
0.88	0.000022900839203298444
0.89	0.00002259145063315118
0.9	0.000022033212858504867
0.91	0.00002097177830760245
0.92	0.00001888060329240267
0.93	0.00001483126977155922
0.9400000000000001	8.219741931814314e-6
0.9500000000000001	1.7443161419856928e-6
0.9600000000000001	7.753404165546095e-8
0.97	1.925177848540192e-6
0.98	4.3199578190270505e-6
0.99	6.211138906104744e-6
1.	7.492663901378775e-6
1.01	8.28795490466451e-6
1.02	8.719359420063301e-6
1.03	8.878997131608987e-6
1.04	8.82537067008138e-6
1.05	8.60706758519028e-6
1.06	8.268018142842519e-6
1.07	7.818118076414618e-6
1.08	7.27063055705963e-6
1.09	6.6533663925549385e-6
1.1	5.988041498570753e-6
1.11	5.311939264863348e-6
1.12	4.657577265230256e-6
1.1300000000000001	4.086367950984814e-6
1.1400000000000001	3.609585164047233e-6
1.1500000000000001	3.2264344543923228e-6
1.1600000000000001	2.918150661591635e-6
1.17	2.6639879716435993e-6
1.18	2.4497360541179974e-6
1.19	2.266926009579633e-6
1.2	2.1084994491522154e-6
1.21	1.966257761165374e-6
1.22	1.8332780150902415e-6
1.23	1.7210437896697185e-6
1.24	1.619845446652536e-6
1.25	1.5281910027364702e-6
1.26	1.444817976884559e-6
1.27	1.3675186589471806e-6
1.28	1.2972685273515548e-6
1.29	1.232315007774894e-6
1.3	1.1709702168727582e-6
1.31	1.1151142330321752e-6
1.32	1.0636494840006226e-6
1.33	1.0148172683363978e-6
1.34	9.685177207685003e-7
1.35	9.256560023679952e-7
1.36	8.850728903138539e-7
1.37	8.463983646738587e-7
1.3800000000000001	8.111737012151925e-7
1.3900000000000001	7.771897221323515e-7
1.4000000000000001	7.449175909138222e-7
1.4100000000000001	7.152537105757833e-7
1.42	6.877833215048745e-7
1.43	6.641508239017118e-7
1.44	6.459136476144174e-7
1.45	6.254177926681796e-7
1.46	6.076588155470054e-7
1.47	5.916204735800753e-7
1.48	5.758578259491091e-7
1.49	5.6347656295682e-7
1.5	5.543669225023171e-7
1.51	5.481124568568576e-7
1.52	5.39504659292092e-7
1.53	5.299100202538762e-7
1.54	5.233999258667793e-7
1.55	5.232400205359975e-7
1.56	5.195927975138605e-7
1.57	5.164987258958625e-7
1.58	5.130628052972064e-7
1.59	5.08835892927097e-7
1.6	4.793131394748437e-7
1.61	4.99381173656165e-7
1.62	4.941735759763614e-7
1.6300000000000001	4.888563196225886e-7
1.6400000000000001	4.85612644481585e-7
1.6500000000000001	4.831659914364973e-7
1.6600000000000001	4.817663049064572e-7
1.6700000000000002	4.827131966954932e-7
1.68	4.837860347806665e-7
1.69	4.862139297268974e-7
1.7	4.908023195260027e-7
1.71	4.957543983160082e-7
1.72	5.024675504286222e-7
1.73	5.110119332276319e-7
1.74	5.205217628057374e-7
1.75	5.31772033257546e-7
1.76	5.443911967019019e-7
1.77	5.57661575044724e-7
1.78	5.749026828216656e-7
1.79	5.906433613590555e-7
1.8	6.063095095034169e-7
1.81	6.254084744268977e-7
1.82	6.42069390389254e-7
1.83	6.617049770617901e-7
1.84	6.851133442432633e-7
1.85	7.088289233736298e-7
1.86	7.349226973087756e-7
1.87	7.633167173483171e-7
1.8800000000000001	7.938964246475346e-7
1.8900000000000001	8.252884464937469e-7
1.9000000000000001	8.603182637808428e-7
1.9100000000000001	8.983611192646971e-7
1.9200000000000002	9.381441961897485e-7
1.93	9.777305784891257e-7
1.94	1.0200126354893737e-6
1.95	1.0651217721107965e-6
1.96	1.1125922027156946e-6
1.97	1.164563739499337e-6
1.98	1.2122654173459181e-6
1.99	1.2502122879826975e-6
2.	1.2772127243966376e-6
2.01	1.2768077774998171e-6
2.02	1.276487265101184e-6
2.03	1.2762554831134937e-6
2.04	1.276118301618588e-6
2.05	1.2760782958036023e-6
2.0599999999999996	1.2761376114074475e-6
2.07	1.276299658463541e-6
2.0799999999999996	1.2765689117737508e-6
2.09	1.2769464316927861e-6
2.0999999999999996	1.2774343980504894e-6
2.11	1.2780345294789083e-6
2.1199999999999997	1.2787484479609642e-6
2.13	1.279583929817734e-6
2.1399999999999997	1.2805475981667098e-6
2.15	1.2816469274175642e-6
2.1599999999999997	1.2828896042095422e-6
2.17	1.2842757679962518e-6
2.1799999999999997	1.285808664846643e-6
2.19	1.2875046816413322e-6
2.1999999999999997	1.2893770313617103e-6
2.21	1.2914259519876455e-6
2.2199999999999998	1.2936560238438553e-6
2.23	1.2960863275850813e-6
2.2399999999999998	1.2987341061987804e-6
2.25	1.3016045550553994e-6
2.26	1.304706328209342e-6
2.27	1.3080573172887263e-6
2.28	1.3116752969231196e-6
2.29	1.3155772366963555e-6
2.3	1.3197823524038539e-6
2.31	1.3243127775095154e-6
2.32	1.329193188997618e-6
2.3299999999999996	1.3344501697146388e-6
2.34	1.3401132731812232e-6
2.3499999999999996	1.346216461761242e-6
2.36	1.3527984594610307e-6
2.3699999999999997	1.3599025559838859e-6
2.38	1.3675777171959742e-6
2.3899999999999997	1.3758802519878614e-6
2.4	1.384874423808449e-6
2.4099999999999997	1.3946350652000819e-6
2.42	1.4052519813476008e-6
2.4299999999999997	1.4168306686936607e-6
2.44	1.4294971152680394e-6
2.4499999999999997	1.4434037448436396e-6
2.46	1.4587361083624727e-6
2.4699999999999998	1.4757243730955827e-6
2.48	1.4946594644189723e-6
2.4899999999999998	1.5159166184007835e-6
2.5	1.5399923571346899e-6
2.51	1.5675555293912765e-6
2.52	1.599551573664759e-6
2.53	1.637393596505844e-6
2.54	1.6833178784944221e-6
2.55	1.741210676915878e-6
2.56	1.8189232389591575e-6
2.57	1.9375636351596862e-6
2.5799999999999996	2.334984471007834e-6
2.59	1.3383533355644325e-6
2.5999999999999996	1.28624348562079e-6
2.61	1.2457513248088902e-6
2.6199999999999997	1.211557781190782e-6
2.63	1.181542473523062e-6
2.6399999999999997	1.1545893953033133e-6
2.65	1.1300168751752629e-6
2.6599999999999997	1.107369484683433e-6
2.67	1.086326099261989e-6
2.6799999999999997	1.0666504697402895e-6
2.69	1.048162278408252e-6
2.6999999999999997	1.030711386859548e-6
2.71	1.0141763885061478e-6
2.7199999999999998	9.984615060927814e-7
2.73	9.83489133140982e-7
2.7399999999999998	9.691939781907988e-7
2.75	9.555138997784524e-7
2.76	9.423962286304344e-7
2.77	9.297966291349893e-7
2.78	9.176771172049905e-7
2.79	9.060038479836112e-7
2.8	8.947458691705666e-7
2.81	8.838755320864023e-7
2.82	8.733683469885799e-7
2.8299999999999996	8.632027264366872e-7
2.84	8.533596602235203e-7
2.8499999999999996	8.438197822877159e-7
2.86	8.345655205838708e-7
2.8699999999999997	8.255808640426803e-7
2.88	8.168524971760031e-7
2.8899999999999997	8.083677465491854e-7
2.9	8.001147134801872e-7
2.9099999999999997	7.920822928543152e-7
2.92	7.842608636507054e-7
2.9299999999999997	7.766397717468876e-7
2.94	7.692090650341768e-7
2.9499999999999997	7.619593788783457e-7
2.96	7.548852720544241e-7
2.9699999999999998	7.479817848633715e-7
2.98	7.41241825793352e-7
2.9899999999999998	7.346565165358714e-7
3.	7.28216995681294e-7
3.01	7.21919031981389e-7
3.02	7.157585072322175e-7
3.03	7.097327619513512e-7
3.04	7.03834407282901e-7
3.05	6.98057726270405e-7
3.06	6.923970208684464e-7
3.07	6.868499003715371e-7
3.08	6.814134260336898e-7
3.09	6.760842512228151e-7
3.0999999999999996	6.708576851763045e-7
3.11	6.657295647676588e-7
3.1199999999999997	6.606966176454037e-7
3.13	6.557562212142017e-7
3.1399999999999997	6.50905485744252e-7
3.15	6.461418423924716e-7
3.1599999999999997	6.414628756051421e-7
3.17	6.368666751290784e-7
3.1799999999999997	6.323503705937526e-7
3.19	6.279112646676403e-7
3.1999999999999997	6.235461073515134e-7
3.21	6.192537764312795e-7
3.2199999999999998	6.150328548169728e-7
3.23	6.10883015058347e-7
3.2399999999999998	6.068009286492358e-7
3.25	6.027841154657466e-7
3.26	5.988294301685578e-7
3.27	5.949361749575106e-7
3.28	5.911030602488069e-7
3.29	5.873290352421222e-7
3.3	5.836123807627347e-7
3.31	5.799516258008993e-7
3.32	5.763451439810195e-7
3.33	5.72791967200197e-7
3.34	5.692910350035931e-7
3.3499999999999996	5.658418102189384e-7
3.36	5.624425363784106e-7
3.3699999999999997	5.590916694623279e-7
3.38	5.55787584793814e-7
3.3899999999999997	5.525292806854453e-7
3.4	5.493158192864618e-7
3.4099999999999997	5.46146028007799e-7
3.42	5.430190761862186e-7
3.4299999999999997	5.399342966976239e-7
3.44	5.36891067220484e-7
3.4499999999999997	5.338886152721806e-7
3.46	5.309259028932433e-7
3.4699999999999998	5.280020992782844e-7
3.48	5.251164012762123e-7
3.4899999999999998	5.22267923669142e-7
3.5	5.194558506049586e-7
3.51	5.166793429137905e-7
3.52	5.139377297059862e-7
3.53	5.112303051420061e-7
3.54	5.085565893337271e-7
3.55	3.428700498420397e-7
3.56	3.018101925666556e-7
3.57	2.7637437165496903e-7
3.58	2.580394186664758e-7
3.59	2.4380056719435694e-7
3.5999999999999996	2.3223023505082183e-7
3.61	2.2253472567798246e-7
3.6199999999999997	2.1422642021997416e-7
3.63	2.0698434912477774e-7
3.6399999999999997	2.0058608139106648e-7
3.65	1.9487113821957317e-7
3.6599999999999997	1.897200739350728e-7
3.67	1.8504163149612266e-7
3.6799999999999997	1.8076458363642529e-7
3.69	1.7683230797985558e-7
3.6999999999999997	1.7319906194733575e-7
3.71	1.6982737942761598e-7
3.7199999999999998	1.6668629564938464e-7
3.73	1.63749851881808e-7
3.7399999999999998	1.609961042066566e-7
3.75	1.3678521015089896e-7
3.76	1.2787595665286724e-7
3.77	1.215145258583435e-7
3.78	1.1647203389504283e-7
3.79	1.1226873217799753e-7
3.8	1.0865718132585593e-7
3.81	1.0548978932488763e-7
3.82	1.0267018532253452e-7
3.83	1.0013135762514276e-7
3.84	9.782452328783694e-8
3.8499999999999996	9.571290451796132e-8
3.86	9.376799767661143e-8
3.8699999999999997	9.196720683754488e-8
3.88	9.029228045193932e-8
3.8899999999999997	8.872825398022275e-8
3.9	8.726268671965947e-8
3.9099999999999997	8.588511916783064e-8
3.92	8.458667625092373e-8
3.9299999999999997	8.335970822511364e-8
3.94	8.219762404951302e-8
3.9499999999999997	8.109467601140326e-8
3.96	8.004585162441268e-8
3.9699999999999998	7.904675069247445e-8
3.98	7.809346811617675e-8
3.9899999999999998	7.718254248105165e-8
4.	7.631085448449262e-8
4.01	7.547561349515056e-8
4.02	7.467430540360805e-8
4.03	7.39046552165051e-8
4.04	7.316462149888509e-8
4.05	7.245233909960913e-8
4.06	7.176611404950731e-8
4.07	7.110438901151447e-8
4.08	7.04657269851267e-8
4.09	6.984881409967172e-8
4.1	6.925243488520683e-8
4.109999999999999	6.867547939705523e-8
4.12	6.81169210369855e-8
4.13	6.757580704064052e-8
4.14	6.705125697528448e-8
4.1499999999999995	6.654244425532379e-8
4.16	6.604860228919965e-8
4.17	6.556901653166976e-8
4.18	6.510301995109387e-8
4.1899999999999995	6.464998807146628e-8
4.2	6.420933645245495e-8
4.21	6.378051514342745e-8
4.22	6.336300743795426e-8
4.2299999999999995	6.295633780698478e-8
4.24	6.256005402816262e-8
4.25	6.21737317367873e-8
4.26	6.179696965493264e-8
4.27	6.142938466825394e-8
4.28	6.10706171790178e-8
4.29	6.072032948176791e-8
4.3	6.037819919921737e-8
4.31	6.004391644176347e-8
4.32	5.971719004623955e-8
4.33	5.939774108031319e-8
4.34	5.908530786086833e-8
4.35	5.877964546686379e-8
4.36	5.848051833848446e-8
4.37	5.8187704283576674e-8
4.38	5.790098903720132e-8
4.39	5.762016523400799e-8
4.3999999999999995	5.7345037114838295e-8
4.41	5.707541260246367e-8
4.42	5.6811113869920483e-8
4.43	5.655198091268193e-8
4.4399999999999995	5.6297854628786225e-8
4.45	5.604858882218388e-8
4.46	5.580403976646856e-8
4.47	5.5564052239607056e-8
4.4799999999999995	5.532848706110894e-8
4.49	5.5097207201864664e-8
4.5	5.487007931753687e-8
4.51	5.464699504311664e-8
4.52	5.4427840798099144e-8
4.53	5.421250897787338e-8
4.54	5.4000905169073376e-8
4.55	5.379291126151749e-8
4.56	5.358842550930458e-8
4.57	5.3387349915160623e-8
4.58	5.318957450799629e-8
4.59	5.2995027754990745e-8
4.6	5.280362937930467e-8
4.61	5.2615300540868205e-8
4.62	5.242997415873064e-8
4.63	5.224756931569334e-8
4.64	5.206800680131666e-8
4.6499999999999995	5.189121419732557e-8
4.66	5.171711958243497e-8
4.67	5.1545655184340465e-8
4.68	5.13767598772616e-8
4.6899999999999995	5.1210371925841974e-8
4.7	5.1046431999556186e-8
4.71	5.0884884843368125e-8
4.72	5.072567048334904e-8
4.7299999999999995	5.0568733734491536e-8
4.74	5.041402114210841e-8
4.75	5.026147867190064e-8
4.76	5.011105835277573e-8
4.77	4.996271319640709e-8
4.78	4.9816396940902874e-8
4.79	4.9672064413759386e-8
4.8	4.9529671991983265e-8
4.81	4.938917826110222e-8
4.82	4.925054252431184e-8
4.83	4.911372528556292e-8
4.84	4.8978686872652515e-8
4.85	4.884539172440393e-8
4.86	4.8713804218301684e-8
4.87	4.858388967489446e-8
4.88	4.8455616299980335e-8
4.89	4.8328951018737854e-8
4.8999999999999995	4.820385872072686e-8
4.91	4.8080307304855575e-8
4.92	4.795826553828941e-8
4.93	4.783769655204542e-8
4.9399999999999995	4.771857891964481e-8
4.95	4.7600886161749e-8
4.96	4.7484592259776945e-8
4.97	4.736967529721946e-8
4.9799999999999995	4.725611118222518e-8
4.99	4.714386873353979e-8
5.	4.7032922296099514e-8
5.01	4.692324685606697e-8
5.02	4.6814815260727134e-8
5.03	4.670760661657806e-8
5.04	4.660159934339685e-8
5.05	4.649677176538885e-8
5.06	4.639310189954916e-8
5.07	4.6290566335388844e-8
5.08	4.6189150176482636e-8
5.09	4.608883513974666e-8
5.1	4.5989603413273416e-8
5.11	4.589144161356901e-8
5.12	4.579433183190627e-8
5.13	4.569825135027536e-8
5.14	4.5603181922593305e-8
5.1499999999999995	4.5509105716210116e-8
5.16	4.541600136332996e-8
5.17	4.532385562522893e-8
5.18	4.5232654424104157e-8
5.1899999999999995	4.514238284777152e-8
5.2	4.505302634827274e-8
5.21	4.4964573569418884e-8
5.22	4.4877006968744436e-8
5.2299999999999995	4.479031219951039e-8
5.24	4.470447523167497e-8
5.25	4.461948174086963e-8
5.26	4.4535316604842414e-8
5.27	4.44519699416076e-8
5.28	4.436942970158523e-8
5.29	4.428768410885104e-8
5.3	4.420672462108775e-8
5.31	4.412654204278427e-8
5.32	4.404711740192073e-8
5.33	4.3968437727145006e-8
5.34	4.3890490291232495e-8
5.35	4.38132562651585e-8
5.36	4.3736723122864046e-8
5.37	4.366089059348097e-8
5.38	4.3585750473024726e-8
5.39	4.351129476473906e-8
5.3999999999999995	4.343752147170377e-8
5.41	4.33644218564928e-8
5.42	4.329197956861815e-8
5.43	4.322018449474318e-8
5.4399999999999995	4.31490267092566e-8
5.45	4.3078493741002e-8
5.46	4.300857663789747e-8
5.47	4.293927008629455e-8
5.4799999999999995	4.2870566183811405e-8
5.49	4.28024571921008e-8
5.5	4.27349379074219e-8
5.51	4.2668000774820446e-8
5.52	4.2601634520703276e-8
5.53	4.25358308072013e-8
5.54	4.247058144328412e-8
5.55	4.240587539404099e-8
5.56	4.234170345999405e-8
5.57	4.227806465722875e-8
5.58	4.2214953190193095e-8
5.59	4.215236339243033e-8
5.6	4.2090291120338605e-8
5.61	4.2028733545722896e-8
5.62	4.1967679786060157e-8
5.63	4.1907123360218114e-8
5.64	4.184705790341588e-8
5.6499999999999995	4.1787477326932634e-8
5.66	4.172837763318832e-8
5.67	4.166974988845243e-8
5.68	4.161158759758124e-8
5.6899999999999995	4.155388436969047e-8
5.7	4.1496633915844114e-8
5.71	4.143982536808807e-8
5.72	4.138345739736816e-8
5.7299999999999995	4.132752619339742e-8
5.74	4.127202709987335e-8
5.75	4.12169555517064e-8
5.76	4.116230756315657e-8
5.77	4.1108078539253724e-8
5.78	4.105426360272663e-8
5.79	4.100085834634008e-8
5.8	4.094785844518531e-8
5.81	4.089526075734118e-8
5.82	4.084306329654828e-8
5.83	4.07912574978462e-8
5.84	4.073983836836839e-8
5.85	4.0688800989492617e-8
5.86	4.0638140515314074e-8
5.87	4.0587845605818424e-8
5.88	4.053791840261831e-8
5.89	4.048835695174929e-8
5.8999999999999995	4.0439158290839066e-8
5.91	4.0390319523769e-8
5.92	4.0341841557253894e-8
5.93	4.029372192366664e-8
5.9399999999999995	4.024595141579726e-8
5.95	4.019852565472213e-8
5.96	4.015144032112346e-8
5.97	4.010469115411222e-8
5.9799999999999995	4.005826819436176e-8
5.99	4.0012173989045274e-8
6.	3.9966405880420586e-8
6.01	3.992096105045876e-8
6.02	3.9875836734836286e-8
6.03	3.9831032795152025e-8
6.04	3.978654677145881e-8
6.05	3.974237165252009e-8
6.06	3.969850373265857e-8
6.07	3.9654939354520284e-8
6.08	3.961167490816746e-8
6.09	3.9568702281051686e-8
6.1	3.952602264951242e-8
6.11	3.948363429588647e-8
6.12	3.944153482173277e-8
6.13	3.939972187261956e-8
6.14	3.935819605329189e-8
6.15	3.9316960841030205e-8
6.16	3.927600253878457e-8
6.17	3.923531665428245e-8
6.18	3.9194898733696036e-8
6.1899999999999995	3.915474436088613e-8
6.2	3.911484078033771e-8
6.21	3.9075186907383175e-8
6.22	3.903578784283601e-8
6.2299999999999995	3.8996642104860297e-8
6.24	3.895774824843515e-8
6.25	3.891910486479072e-8
6.26	3.888071525971094e-8
6.27	3.88425735702519e-8
6.28	3.8804676451330294e-8
6.29	3.8767021587575826e-8
6.3	3.872960669613483e-8
6.31	3.8692429583837736e-8
6.32	3.865548921530928e-8
6.33	3.86187819166811e-8
6.34	3.85823052912412e-8
6.35	3.854605697200156e-8
6.36	3.8510034621216163e-8
6.37	3.847423555813726e-8
6.38	3.843865650915623e-8
6.39	3.8403296962823514e-8
6.4	3.836815501241925e-8
6.41	3.833322877856503e-8
6.42	3.829851640880775e-8
6.43	3.826401541938524e-8
6.4399999999999995	3.822972334121426e-8
6.45	3.8195640194756854e-8
6.46	3.8161764593898195e-8
6.47	3.812809517792071e-8
6.4799999999999995	3.8094630611143595e-8
6.49	3.8061371089640936e-8
6.5	3.802831616688246e-8
6.51	3.7995461299037976e-8
6.52	3.796280455117854e-8
6.53	3.793034401086688e-8
6.54	3.7898077787826874e-8
6.55	3.786600253019202e-8
6.56	3.783411553753407e-8
6.57	3.780241822720693e-8
6.58	3.777090947055176e-8
6.59	3.773958816036488e-8
6.6	3.7708453210615806e-8
6.61	3.767750412111929e-8
6.62	3.7646740457081474e-8
6.63	3.761615963572415e-8
6.64	3.7585760353584156e-8
6.65	3.755554132666006e-8
6.66	3.7525501290158684e-8
6.67	3.7495639498319854e-8
6.68	3.7465956206824626e-8
6.6899999999999995	3.743644774114396e-8
6.7	3.740711249762748e-8
6.71	3.7377948890108817e-8
6.72	3.7348955349678985e-8
6.7299999999999995	3.7320130216265075e-8
6.74	3.729146758925064e-8
6.75	3.726297115904083e-8
6.76	3.723464015965011e-8
6.77	3.720647384224722e-8
6.78	3.717847147496033e-8
6.79	3.715063234268622e-8
6.8	3.7122959546481535e-8
6.81	3.709544901715486e-8
6.82	3.706809835771695e-8
6.83	3.70409061732063e-8
6.84	3.701387108355848e-8
6.85	3.698699172343625e-8
6.86	3.696026421750023e-8
6.87	3.69336877150874e-8
6.88	3.6907264044794006e-8
6.89	3.688099264696453e-8
6.9	3.685487297685615e-8
6.91	3.68289045044916e-8
6.92	3.680308718313344e-8
6.93	3.67774222463427e-8
6.9399999999999995	3.675190653464097e-8
6.95	3.672653916487764e-8
6.96	3.6701319267444226e-8
6.97	3.667624598614647e-8
6.9799999999999995	3.665131847807979e-8
6.99	3.662653567643433e-8
7.	3.6601896962925596e-8
7.01	3.657740165167279e-8
7.02	3.6553048997247866e-8
7.03	3.652883826699387e-8
7.04	3.6504768740918414e-8
7.05	3.6480840325953435e-8
7.06	3.645705300373927e-8
7.07	3.643340443422711e-8
7.08	3.6409893660950835e-8
7.09	3.638651973926099e-8
7.1	3.636328173623819e-8
7.11	3.634017873060908e-8
7.12	3.63172052611754e-8
7.13	3.629436435285482e-8
7.14	3.6271657194448254e-8
7.15	3.6249083733275184e-8
7.16	3.622664392892933e-8
7.17	3.620433775320249e-8
7.18	3.618216684838682e-8
7.1899999999999995	3.616013564682309e-8
7.2	3.613823675467301e-8
7.21	3.611646908362723e-8
7.22	3.609483155591075e-8
7.2299999999999995	3.6073323104236525e-8
7.24	3.605194267176156e-8
7.25	3.603068574268715e-8
7.26	3.600955251515099e-8
7.27	3.598854548389409e-8
7.28	3.5967664469663206e-8
7.29	3.5946909304426836e-8
7.3	3.5926279831335355e-8
7.31	3.590577590468379e-8
7.32	3.5885399247022996e-8
7.33	3.586514793947032e-8
7.34	3.584502127521516e-8
7.35	3.582501886231089e-8
7.36	3.5805140319492556e-8
7.37	3.5785385276160176e-8
7.38	3.5765753359983935e-8
7.39	3.574624412086609e-8
7.4	3.5726857351252986e-8
7.41	3.57075927398763e-8
7.42	3.568844998610895e-8
7.43	3.5669428799964905e-8
7.4399999999999995	3.56505289021021e-8
7.45	3.5631750062305286e-8
7.46	3.5613092083496146e-8
7.47	3.559455459607739e-8
7.4799999999999995	3.557613734500802e-8
7.49	3.555784008593187e-8
7.5	3.55396625851989e-8
7.51	3.5521604619889665e-8
7.52	3.550366516960354e-8
7.53	3.548584360926679e-8
7.54	3.5468141344253975e-8
7.55	3.5450558464386054e-8
7.56	3.5433095070622316e-8
7.57	3.5415751275096695e-8
7.58	3.539852720115752e-8
7.59	3.538142562591062e-8
7.6	3.5364447348246127e-8
7.61	3.53475881506175e-8
7.62	3.533084742846889e-8
7.63	3.531422458810509e-8
7.64	3.5297719046778674e-8
7.65	3.5281330232781677e-8
7.66	3.526505504283764e-8
7.67	3.524889201277425e-8
7.68	3.523284511490107e-8
7.6899999999999995	3.521691458718745e-8
7.7	3.5201100679693824e-8
7.71	3.51854036546646e-8
7.72	3.516982378662578e-8
7.7299999999999995	3.515436210796184e-8
7.74	3.5139019668626676e-8
7.75	3.51237949254227e-8
7.76	3.51086879254363e-8
7.77	3.509369872843647e-8
7.78	3.50788274070138e-8
7.79	3.506407404672543e-8
7.8	3.5049438352379105e-8
7.81	3.503491897335638e-8
7.82	3.5020518200348595e-8
7.83	3.500623644216205e-8
7.84	3.499207412150923e-8
7.85	3.4978031675180064e-8
7.86	3.4964109554219805e-8
7.87	3.495030822411394e-8
7.88	3.4936634090477e-8
7.89	3.492308134240187e-8
7.9	3.490964947828767e-8
7.91	3.48963383019013e-8
7.92	3.488314763229927e-8
7.93	3.487007730409883e-8
7.94	3.485712716775918e-8
7.95	3.484429164369163e-8
7.96	3.483157398271539e-8
7.97	3.4818977672300676e-8
7.9799999999999995	3.480650354525431e-8
7.99	3.4794152451899895e-8
8.	3.478192526037288e-8
8.01	3.476982285692688e-8
8.02	3.475784806524916e-8
8.03	3.4746003702480624e-8
8.04	3.473428604516927e-8
8.05	3.472269539837191e-8
8.06	3.471123208700994e-8
8.07	3.4699896456296126e-8
8.08	3.4688688872177015e-8
8.09	3.467760972179242e-8
8.1	3.466665782801832e-8
8.11	3.465583520654313e-8
8.12	3.4645142673886286e-8
8.13	3.463458089903664e-8
8.14	3.462415057468958e-8
8.15	3.4613852417807155e-8
8.16	3.460368717020002e-8
8.17	3.4593655509868106e-8
8.18	3.458375820463838e-8
8.19	3.4573996221080166e-8
8.2	3.456437042938613e-8
8.209999999999999	3.4554881727856754e-8
8.22	3.454553104363247e-8
8.23	3.453631933345534e-8
8.24	3.452724758446154e-8
8.25	3.451831682719769e-8
8.26	3.450952810062509e-8
8.27	3.450088248468361e-8
8.28	3.449238109519139e-8
8.29	3.448402508284058e-8
8.3	3.447581563420877e-8
8.31	3.4467753972812806e-8
8.32	3.445984182017816e-8
8.33	3.4452081448028614e-8
8.34	3.4444472523978e-8
8.35	3.443701623164479e-8
8.36	3.442971379779543e-8
8.37	3.4422566493728104e-8
8.38	3.441557563671811e-8
8.39	3.440874259152876e-8
8.4	3.4402065837038074e-8
8.41	3.4395547557595784e-8
8.42	3.438919231891828e-8
8.43	3.438300223897788e-8
8.44	3.4376979491091625e-8
8.45	3.437112630583623e-8
8.459999999999999	3.4365444973055495e-8
8.47	3.4359937843966074e-8
8.48	3.43546127749915e-8
8.49	3.4349467886868065e-8
8.5	3.434450341858243e-8
8.51	3.433972129243745e-8
8.52	3.433512350569279e-8
8.53	3.4330712133504396e-8
8.54	3.432648933201738e-8
8.55	3.432245734162223e-8
8.56	3.431861196154969e-8
8.57	3.4314962295258296e-8
8.58	3.431151201670502e-8
8.59	3.4308264422205376e-8
8.6	3.430522290973095e-8
8.61	3.430239098327334e-8
8.62	3.4299772257459446e-8
8.63	3.429737061362974e-8
8.64	3.429519668244876e-8
8.65	3.429324681976936e-8
8.66	3.429152445323374e-8
8.67	3.429003315067419e-8
8.68	3.4288776626814345e-8
8.69	3.4287758750390986e-8
8.7	3.4286983551729574e-8
8.71	3.4286454972614514e-8
8.72	3.4286170856898685e-8
8.73	3.428614324996229e-8
8.74	3.4286377580346183e-8
8.75	3.428687948173667e-8
8.76	3.4287654803968037e-8
8.77	3.428870962480423e-8
8.78	3.429005026256805e-8
8.79	3.429168328969319e-8
8.8	3.429362243227013e-8
8.81	3.429586745797861e-8
8.82	3.4298424977919446e-8
8.83	3.430130209008289e-8
8.84	3.430450623472438e-8
8.85	3.430804521579989e-8
8.86	3.431192722416164e-8
8.87	3.431616086269342e-8
8.88	3.432074925430252e-8
8.89	3.432570726315126e-8
8.9	3.433104664063566e-8
8.91	3.43367785651377e-8
8.92	3.434291478585595e-8
8.93	3.434946766456058e-8
8.94	3.435645022136905e-8
8.95	3.4363876185024344e-8
8.96	3.437176345547137e-8
8.97	3.438012560224194e-8
8.98	3.438897639448836e-8
8.99	3.43983325395362e-8
9.	3.4408211798678514e-8
9.01	3.4418633079834686e-8
9.02	3.4429616540957295e-8
9.03	3.444118370575123e-8
9.04	3.4453356896704275e-8
9.05	3.4466160252251365e-8
9.06	3.4479621696210204e-8
9.07	3.449376986050139e-8
9.08	3.4508635582054136e-8
9.09	3.452425214555217e-8
9.1	3.454065556167032e-8
9.11	3.4557884887359835e-8
9.12	3.457598259622199e-8
9.13	3.459499509713126e-8
9.14	3.461497296530003e-8
9.15	3.46359718028248e-8
9.16	3.46580528510183e-8
9.17	3.4681283819391674e-8
9.18	3.470573987973079e-8
9.19	3.4731504865772814e-8
9.2	3.4758672733000364e-8
9.21	3.478734865779331e-8
9.22	3.481765283650388e-8
9.23	3.484972287309811e-8
9.24	3.488371625790025e-8
9.25	3.491981548347127e-8
9.26	3.4958233979300384e-8
9.27	3.499922399205684e-8
9.28	3.5043087253272065e-8
9.29	3.509018988051214e-8
9.3	3.5140986722058655e-8
9.31	3.5196040709813655e-8
9.32	3.525608111390562e-8
9.33	3.532207352823761e-8
9.34	3.539534344950558e-8
9.35	3.547779799490709e-8
9.36	3.5572362141054635e-8
9.37	3.5683955791974554e-8
9.38	3.5822161156182847e-8
9.39	3.6011695678248276e-8
9.4	3.651230743472352e-8
9.41	3.3232720739034043e-8
9.42	3.310045405755394e-8
9.43	3.2992703637652806e-8
9.44	3.289776123984041e-8
9.45	3.2811078293384446e-8
9.46	3.2730315345960715e-8
9.47	3.265408272667742e-8
9.48	3.258146686174607e-8
9.49	3.251183183767007e-8
9.5	3.2444714153131836e-8
9.51	3.237976283082191e-8
9.52	3.2316704350880966e-8
9.53	3.2255320514259235e-8
9.54	3.21954338432658e-8
9.55	3.2136897575171213e-8
9.56	3.2079585265623137e-8
9.57	3.202339617420224e-8
9.58	3.196824102205248e-8
9.59	3.191404255795876e-8
9.6	3.186073338517075e-8
9.61	3.1808254270036814e-8
9.62	3.175655280781364e-8
9.63	3.170558235744195e-8
9.64	3.1655302142427305e-8
9.65	3.1605678241884123e-8
9.66	3.155667171800817e-8
9.67	3.150825137349877e-8
9.68	3.146038875438088e-8
9.69	3.141305781386884e-8
9.7	3.136623462764936e-8
9.71	3.131989715126407e-8
9.72	3.1274025012207635e-8
9.73	3.122859685273636e-8
9.74	3.118359047545501e-8
9.75	3.113899752384374e-8
9.76	3.109480349181082e-8
9.77	3.1050994863241746e-8
9.78	3.1007559020915285e-8
9.79	3.0964484166032024e-8
9.8	3.09217592468765e-8
9.81	3.0879373895371924e-8
9.82	3.083732139430478e-8
9.83	3.079559830665136e-8
9.84	3.075418622171669e-8
9.85	3.0713076099479926e-8
9.86	3.067225934477272e-8
9.87	3.063172777417571e-8
9.88	3.059147358603502e-8
9.89	3.055148933324554e-8
9.9	3.0511767898494246e-8
9.91	3.047230073459692e-8
9.92	3.0433074607213034e-8
9.93	3.0394092516504965e-8
9.94	3.0355349213570495e-8
9.95	3.0316839690550464e-8
9.96	3.0278559165903716e-8
9.97	3.024050307084037e-8
9.98	3.0202667036803217e-8
9.99	3.016504688389915e-8
10.	3.0127638610193496e-8