0.01	0.0003095733439032809
0.02	0.0011346025002918693
0.03	0.0024675495782869213
0.04	0.004282689970974979
0.05	0.006542932194059631
0.060000000000000005	0.009203860426028733
0.06999999999999999	0.012219588410315615
0.08	0.015554514286868035
0.09	0.019211093740855088
0.09999999999999999	0.023307617116626534
0.11	0.02835499472104654
0.12	0.0367453636371989
0.13	0.07613301422014135
0.14	0.0008364088900039616
0.15000000000000002	0.012968920121423687
0.16	0.01574846124816818
0.17	0.014781041867289669
0.18000000000000002	0.01122342586787625
0.19	0.005610413989202293
0.2	0.00021498352279992572
0.21000000000000002	0.05188923173137789
0.22	0.000030580182181896375
0.23	0.000026028282713014066
0.24000000000000002	0.00002457781129984374
0.25	0.000024137324166190208
0.26	0.00002416919627423968
0.27	0.000024457476964256553
0.28	0.000024892071005348477
0.29000000000000004	0.000025406982041168844
0.3	0.00002595738832000388
0.31	0.000026509560351367486
0.32	0.000027035839365220078
0.33	0.00002751187219028619
0.34	0.00002791494785098532
0.35000000000000003	0.000028222910664786065
0.36000000000000004	0.000028413393602692733
0.37	0.000028463244142506452
0.38	0.000028348086850895613
0.39	0.000028042020974100644
0.4	0.000027517512651823215
0.41000000000000003	0.000026745638366495653
0.42000000000000004	0.00002569701834623719
0.43	0.0000243441630527263
0.44	0.000022666750109442546
0.45	0.00002066317476964663
0.46	0.00001837607658455578
0.47000000000000003	0.000015950663132162752
0.48000000000000004	0.000013775531762094764
0.49	0.000012850901347689634
0.5	0.000015865784873189
0.51	0.00003089845571520943
0.52	0.00008764731577807335
0.53	0.0003457825903597121
0.54	0.0030389282512110634
0.55	0.022104773047317706
0.56	0.0017310246694007493
0.5700000000000001	0.0007267120378786319
0.5800000000000001	0.00044726364172606773
0.59	0.00032406319559590474
0.6	0.00025586895621500873
0.61	0.00021242592913105747
0.62	0.0001818839925721968
0.63	0.00015874204544491285
0.64	0.000140128555681673
0.65	0.00012441158384423392
0.66	0.00011060404171186473
0.67	0.00009808280667148911
0.68	0.00008644596105668418
0.6900000000000001	0.00007543691868013376
0.7000000000000001	0.0000649034544903568
0.7100000000000001	0.000054777047838061706
0.72	0.000045065108223164774
0.73	0.00003585317052483348
0.74	0.00002731602845294069
0.75	0.000019738894759030597
0.76	0.000013551073357876635
0.77	9.376920260124577e-6
0.78	8.111974065456599e-6
0.79	0.000011036875573044675
0.8	0.000019989837985796477
0.81	0.000037632000173318826
0.8200000000000001	0.00006786404629922681
0.8300000000000001	0.00011649575378084701
0.8400000000000001	0.00019234989348352273
0.85	0.00030913778902993234
0.86	0.0004887473206969853
0.87	0.0007672188446517394
0.88	0.0012059710183027353
0.89	0.0019136184282293963
0.9	0.0030889779277031184
0.91	0.005102580443455972
0.92	0.00861559368839922
0.93	0.01451044936896711
0.9400000000000001	0.022460024964825142
0.9500000000000001	0.02764030368292806
0.9600000000000001	0.0223670537331535
0.97	0.017447876595137777
0.98	0.013102724784743948
0.99	0.009966608947545776
1.	0.0077769280514267645
1.01	0.006227540022036653
1.02	0.005094933553320746
1.03	0.0042381992318150435
1.04	0.0035663940942635866
1.05	0.0030251167954312686
1.06	0.002581003900815408
1.07	0.002204172634657721
1.08	0.0018765617813635946
1.09	0.0015897893433858645
1.1	0.0013370677977408254
1.11	0.0011171929218570355
1.12	0.0009289149831479089
1.1300000000000001	0.0007773594010564353
1.1400000000000001	0.0006582699342146949
1.1500000000000001	0.0005665638547716744
1.1600000000000001	0.0004932390354557326
1.17	0.00043491771704850266
1.18	0.0003874831796367952
1.19	0.0003483528556512298
1.2	0.0003155510339888566
1.21	0.00028834103995491677
1.22	0.00026563048014075294
1.23	0.00024505610250137133
1.24	0.0002271905720340009
1.25	0.00021151495272084538
1.26	0.00019732505853693502
1.27	0.00018465917532294382
1.28	0.0001733430024551503
1.29	0.00016307269528336482
1.3	0.00015398012602214485
1.31	0.00014546375406753232
1.32	0.00013769849591992585
1.33	0.00013063075637738685
1.34	0.00012415530335064108
1.35	0.0001181844457115499
1.36	0.0001125976133632431
1.37	0.00010742319636877202
1.3800000000000001	0.00010252832341326357
1.3900000000000001	0.00009796084614718231
1.4000000000000001	0.00009378517297022863
1.4100000000000001	0.00008984164520389763
1.42	0.00008616767968826527
1.43	0.00008252971804073905
1.44	0.00007883611964846238
1.45	0.00007559218339403793
1.46	0.00007240959097583548
1.47	0.00006934694214914808
1.48	0.00006651689390839147
1.49	0.00006364846835103311
1.5	0.00006077240127160354
1.51	0.00005794749203005327
1.52	0.0000554676548083325
1.53	0.00005323701856229411
1.54	0.000050957752344250226
1.55	0.00004841147796493761
1.56	0.00004621853464360459
1.57	0.00004401415891835913
1.58	0.00004181817326371453
1.59	0.00003972980119757091
1.6	0.000035679876429027193
1.61	0.00003531675560993241
1.62	0.00003311514870098662
1.6300000000000001	0.000031077880378458645
1.6400000000000001	0.000029149996114961788
1.6500000000000001	0.00002733733217855238
1.6600000000000001	0.00002567918910803434
1.6700000000000002	0.0000241035059656743
1.68	0.00002297352633886579
1.69	0.000022221650851579845
1.7	0.000021508406753068345
1.71	0.000020835737005746724
1.72	0.000020201292334331674
1.73	0.000019602286298541498
1.74	0.000019035996860888225
1.75	0.00001849385255884577
1.76	0.000017984858800380164
1.77	0.00001749088604454566
1.78	0.000017028851818823906
1.79	0.00001655853389793681
1.8	0.000016063248248032572
1.81	0.00001555679002226538
1.82	0.000015063131527539922
1.83	0.000014576564246254933
1.84	0.000014111386866255683
1.85	0.00001366090437190369
1.86	0.000013226467292250466
1.87	0.000012808589746293963
1.8800000000000001	0.000012406452313099841
1.8900000000000001	0.000012020348385124892
1.9000000000000001	0.000011649664661694094
1.9100000000000001	0.00001129274362275069
1.9200000000000002	0.000010948701103826454
1.93	0.000010618468345001486
1.94	0.000010300852939022262
1.95	9.99311908972617e-6
1.96	9.695720583108434e-6
1.97	9.408277212583108e-6
1.98	9.137662184723842e-6
1.99	8.88106136705414e-6
2.	8.602027210261288e-6
2.01	8.27840400070683e-6
2.02	8.011185584536418e-6
2.03	7.731357156221984e-6
2.04	7.505387867750262e-6
2.05	7.2664940608775395e-6
2.0599999999999996	7.020779640779883e-6
2.07	6.789325377261002e-6
2.0799999999999996	6.550919272212774e-6
2.09	6.324652051506689e-6
2.0999999999999996	6.113729348182787e-6
2.11	5.904606401925769e-6
2.1199999999999997	5.708757710455738e-6
2.13	5.520062583463227e-6
2.1399999999999997	5.334888822810005e-6
2.15	5.159515694468829e-6
2.1599999999999997	4.9923521439065484e-6
2.17	4.829035525609422e-6
2.1799999999999997	4.660888818597344e-6
2.19	4.513408194367567e-6
2.1999999999999997	4.3701674855819e-6
2.21	4.2282793254587845e-6
2.2199999999999998	4.091257063237267e-6
2.23	3.959927202274332e-6
2.2399999999999998	3.832728244578125e-6
2.25	3.7089971727122826e-6
2.26	3.5858880744755594e-6
2.27	3.470757549375515e-6
2.28	3.3611685285423555e-6
2.29	3.2534313459394457e-6
2.3	3.146224424054492e-6
2.31	3.045556938263442e-6
2.32	2.9512940043746413e-6
2.3299999999999996	2.857195106494303e-6
2.34	2.7646741286729797e-6
2.3499999999999996	2.6763636145228017e-6
2.36	2.5938705720537233e-6
2.3699999999999997	2.5058938359355494e-6
2.38	2.4269240383888497e-6
2.3899999999999997	2.3524402125041433e-6
2.4	2.2761121248921684e-6
2.4099999999999997	2.202102321629385e-6
2.42	2.1298652123819413e-6
2.4299999999999997	2.060115600198776e-6
2.44	1.9970528379750495e-6
2.4499999999999997	1.931385611040514e-6
2.46	1.8674795690623753e-6
2.4699999999999998	1.8072723180157057e-6
2.48	1.746691551913736e-6
2.4899999999999998	1.6871767371198345e-6
2.5	1.6292959238875056e-6
2.51	1.5741150663972183e-6
2.52	1.518800413967937e-6
2.53	1.4638611777470275e-6
2.54	1.4084542370241382e-6
2.55	1.3500236133747295e-6
2.56	1.2915354760518223e-6
2.57	1.2247689181223268e-6
2.5799999999999996	1.0942549157169904e-6
2.59	1.3194007822623247e-6
2.5999999999999996	1.2949426761878138e-6
2.61	1.267458453538925e-6
2.6199999999999997	1.237605081582088e-6
2.63	1.2118942814141721e-6
2.6399999999999997	1.183535809754726e-6
2.65	1.1533264744397305e-6
2.6599999999999997	1.1255921226835135e-6
2.67	1.0987031623583311e-6
2.6799999999999997	1.0724655345965077e-6
2.69	1.0467257872353872e-6
2.6999999999999997	1.0188825777288127e-6
2.71	9.930174415977754e-7
2.7199999999999998	9.682624000347805e-7
2.73	9.439509433955426e-7
2.7399999999999998	9.221089144641065e-7
2.75	8.993555573381794e-7
2.76	8.760150473162486e-7
2.77	8.535975553245606e-7
2.78	8.331775837464446e-7
2.79	8.122716121675505e-7
2.8	7.904996211117856e-7
2.81	7.720720772926115e-7
2.82	7.525586068146747e-7
2.8299999999999996	7.331917741796e-7
2.84	7.150366797487232e-7
2.8499999999999996	6.966295604341712e-7
2.86	6.789838131311364e-7
2.8699999999999997	6.61924560287695e-7
2.88	6.449792810313845e-7
2.8899999999999997	6.293070255557116e-7
2.9	6.142563587463852e-7
2.9099999999999997	5.994956451777391e-7
2.92	5.833451945773738e-7
2.9299999999999997	5.68901747051479e-7
2.94	5.55373575538809e-7
2.9499999999999997	5.423015409803129e-7
2.96	5.281577480508032e-7
2.9699999999999998	5.159350440629374e-7
2.98	5.059960691387485e-7
2.9899999999999998	4.984978813844909e-7
3.	4.862885437946139e-7
3.01	4.743808604352253e-7
3.02	4.6276756167764325e-7
3.03	4.5144224856624123e-7
3.04	4.4039547382930745e-7
3.05	4.296189506904168e-7
3.06	4.1910448584155646e-7
3.07	4.088459532124052e-7
3.08	3.9883688776921066e-7
3.09	3.890706091491641e-7
3.0999999999999996	3.795397252193669e-7
3.11	3.7023724878043946e-7
3.1199999999999997	3.6115677897770694e-7
3.13	3.522923369902162e-7
3.1399999999999997	3.4363785838090287e-7
3.15	3.351875164096501e-7
3.1599999999999997	3.269356265657682e-7
3.17	3.1887681967327606e-7
3.1799999999999997	3.1100530157141063e-7
3.19	3.03315444903534e-7
3.1999999999999997	2.958014376821226e-7
3.21	2.8845855509562036e-7
3.2199999999999998	2.8128195939142727e-7
3.23	2.742673328861813e-7
3.2399999999999998	2.674090277941408e-7
3.25	2.6070185147499727e-7
3.26	2.541403831592121e-7
3.27	2.4772028953029666e-7
3.28	2.4143697695019247e-7
3.29	2.3528593827494686e-7
3.3	2.2926237532309848e-7
3.31	2.2336156315722802e-7
3.32	2.175786700520871e-7
3.33	2.119090422457559e-7
3.34	2.0634787984428615e-7
3.3499999999999996	2.008904253329681e-7
3.36	1.955312964286036e-7
3.3699999999999997	1.90264965136896e-7
3.38	1.8508558412970755e-7
3.3899999999999997	1.7998713074935309e-7
3.4	1.7496309064766036e-7
3.4099999999999997	1.7000620813255275e-7
3.42	1.651084595832105e-7
3.4299999999999997	1.6026069497558635e-7
3.44	1.554521783593432e-7
3.4499999999999997	1.5066991320775348e-7
3.46	1.4589767174817666e-7
3.4699999999999998	1.4111462310415902e-7
3.48	1.3629273599480648e-7
3.4899999999999998	1.3139215280432617e-7
3.5	1.2635211398484754e-7
3.51	1.210703526925933e-7
3.52	1.1534643822869844e-7
3.53	1.0865734111057024e-7
3.54	9.536886921862925e-8
3.55	1.223139172260869e-7
3.56	1.0847086409279328e-7
3.57	9.954119418799939e-8
3.58	9.287646079504619e-8
3.59	8.753594518119777e-8
3.5999999999999996	8.306964884679428e-8
3.61	7.922575001533679e-8
3.6199999999999997	7.584854391265938e-8
3.63	7.28348920545757e-8
3.6399999999999997	7.011286728687764e-8
3.65	6.763024296035833e-8
3.6599999999999997	6.534789631783264e-8
3.67	6.323574204715144e-8
3.6799999999999997	6.127014248272621e-8
3.69	5.943217982821264e-8
3.6999999999999997	5.770646606715361e-8
3.71	5.60803092698615e-8
3.7199999999999998	5.4543144129559394e-8
3.73	5.3086048722958084e-8
3.7399999999999998	5.1701424751238845e-8
3.75	4.350592400707162e-8
3.76	4.027727091195763e-8
3.77	3.7897079448226596e-8
3.78	3.5962873175054815e-8
3.79	3.4316209928087116e-8
3.8	3.287477340507092e-8
3.81	3.158913946810216e-8
3.82	3.042683760300479e-8
3.83	2.9365158851084123e-8
3.84	2.8387480357419054e-8
3.8499999999999996	2.7481203047034735e-8
3.86	2.6636511216574624e-8
3.8699999999999997	2.5845583618464847e-8
3.88	2.510207079216782e-8
3.8899999999999997	2.4400739819714326e-8
3.9	2.3737218160693525e-8
3.9099999999999997	2.3107810519916863e-8
3.92	2.250936422973184e-8
3.9299999999999997	2.1939151612084967e-8
3.94	2.1394808789224513e-8
3.9499999999999997	2.0874264898124827e-8
3.96	2.037570238985608e-8
3.9699999999999998	1.9897515501470194e-8
3.98	1.943827230403608e-8
3.9899999999999998	1.8996694965349004e-8
4.	1.85716287079765e-8
4.01	1.8162033696756843e-8
4.02	1.7766967971005387e-8
4.03	1.73855747306049e-8
4.04	1.701707766467652e-8
4.05	1.666076451016589e-8
4.06	1.6315983408442956e-8
4.07	1.5982132748011728e-8
4.08	1.5658655623143426e-8
4.09	1.5345038754979708e-8
4.1	1.5040805412833396e-8
4.109999999999999	1.4745515566483905e-8
4.12	1.4458759731495177e-8
4.13	1.4180155818028944e-8
4.14	1.3909347794884817e-8
4.1499999999999995	1.3646000907254853e-8
4.16	1.3389802164021127e-8
4.17	1.3140457925067021e-8
4.18	1.2897692288364077e-8
4.1899999999999995	1.2661245467278499e-8
4.2	1.2430872717578736e-8
4.21	1.2206342728718103e-8
4.22	1.1987436911275918e-8
4.2299999999999995	1.1773950425251032e-8
4.24	1.1565688343951923e-8
4.25	1.1362466154272428e-8
4.26	1.1164108520926773e-8
4.27	1.0970448090022973e-8
4.28	1.0781326173069395e-8
4.29	1.0596592152616381e-8
4.3	1.0416102061630607e-8
4.31	1.023971788176614e-8
4.32	1.0067308409419148e-8
4.33	9.898747930343505e-9
4.34	9.733916870823855e-9
4.35	9.572701498657105e-9
4.36	9.414992521509648e-9
4.37	9.260685587425379e-9
4.38	9.109680257776166e-9
4.39	8.961879729115734e-9
4.3999999999999995	8.817191449809839e-9
4.41	8.675525769054773e-9
4.42	8.536797450601393e-9
4.43	8.400926039449729e-9
4.4399999999999995	8.267833187077387e-9
4.45	8.137444351092471e-9
4.46	8.009687155182947e-9
4.47	7.884489354380478e-9
4.4799999999999995	7.761782758414346e-9
4.49	7.641501142715254e-9
4.5	7.523580410233025e-9
4.51	7.407961418465962e-9
4.52	7.294585710477183e-9
4.53	7.183397011996447e-9
4.54	7.074342105536018e-9
4.55	6.967365929729372e-9
4.56	6.862416860354813e-9
4.57	6.759444967999716e-9
4.58	6.65839999949391e-9
4.59	6.559237679180112e-9
4.6	6.461913642253136e-9
4.61	6.366384708941676e-9
4.62	6.2726100904128096e-9
4.63	6.1805482630960856e-9
4.64	6.0901588617708004e-9
4.6499999999999995	6.001403237634332e-9
4.66	5.91424367597733e-9
4.67	5.828643788818862e-9
4.68	5.744568751047955e-9
4.6899999999999995	5.66198444059559e-9
4.7	5.5808577568989764e-9
4.71	5.50115677207031e-9
4.72	5.422849751930467e-9
4.7299999999999995	5.345906175716013e-9
4.74	5.270296374178348e-9
4.75	5.195991267594223e-9
4.76	5.122963035467377e-9
4.77	5.051184555903336e-9
4.78	4.980629362839692e-9
4.79	4.911271666562032e-9
4.8	4.843086381641075e-9
4.81	4.776049171492807e-9
4.82	4.7101362835728425e-9
4.83	4.6453245812684715e-9
4.84	4.5815913990651045e-9
4.85	4.518914930583508e-9
4.86	4.457273816559914e-9
4.87	4.396647227313255e-9
4.88	4.3370150232921695e-9
4.89	4.278357363789412e-9
4.8999999999999995	4.2206546391222665e-9
4.91	4.163887909328929e-9
4.92	4.10803869850802e-9
4.93	4.053088432096521e-9
4.9399999999999995	3.999020221956107e-9
4.95	3.94581708926079e-9
4.96	3.893462433256112e-9
4.97	3.8419403180327414e-9
4.9799999999999995	3.791234944538034e-9
4.99	3.741330264207682e-9
5.	3.6922109937453097e-9
5.01	3.6438622057815323e-9
5.02	3.5962691067045534e-9
5.03	3.549417677932327e-9
5.04	3.503294122308851e-9
5.05	3.4578849056737794e-9
5.06	3.4131767365265143e-9
5.07	3.36915648062937e-9
5.08	3.325811877383123e-9
5.09	3.283130654267579e-9
5.1	3.2411008073977005e-9
5.11	3.1997108712310344e-9
5.12	3.158949280180052e-9
5.13	3.1188043619643265e-9
5.14	3.0792649775449464e-9
5.1499999999999995	3.040320229445721e-9
5.16	3.0019591952221618e-9
5.17	2.9641716986950277e-9
5.18	2.9269476973546547e-9
5.1899999999999995	2.8902772820762407e-9
5.2	2.854150752407522e-9
5.21	2.8185587891274978e-9
5.22	2.78349185867557e-9
5.2299999999999995	2.748940806030641e-9
5.24	2.7148966660860523e-9
5.25	2.6813506227309123e-9
5.26	2.648293976717923e-9
5.27	2.6157185003685723e-9
5.28	2.5836159870424773e-9
5.29	2.5519783957328916e-9
5.3	2.520798016268873e-9
5.31	2.49006723770286e-9
5.32	2.459778038314605e-9
5.33	2.429922883417586e-9
5.34	2.4004943902993097e-9
5.35	2.37148498145447e-9
5.36	2.3428875636145475e-9
5.37	2.314695823012498e-9
5.38	2.286903130229175e-9
5.39	2.2595029827294544e-9
5.3999999999999995	2.232489299949276e-9
5.41	2.2058557573706474e-9
5.42	2.1795957585406503e-9
5.43	2.1537031428565256e-9
5.4399999999999995	2.128171868887728e-9
5.45	2.10299587846033e-9
5.46	2.0781693940717284e-9
5.47	2.0536869138649963e-9
5.4799999999999995	2.029542906138631e-9
5.49	2.005731942964651e-9
5.5	1.9822488080389625e-9
5.51	1.9590882647145757e-9
5.52	1.936244997801206e-9
5.53	1.913713919878123e-9
5.54	1.891490038641964e-9
5.55	1.8695683231293824e-9
5.56	1.847943912692516e-9
5.57	1.8266123869493226e-9
5.58	1.8055691892243092e-9
5.59	1.7848098449484178e-9
5.6	1.7643300184724316e-9
5.61	1.7441254999584768e-9
5.62	1.7241918164966968e-9
5.63	1.704524754106e-9
5.64	1.6851201747787043e-9
5.6499999999999995	1.6659740213595548e-9
5.66	1.6470823874150428e-9
5.67	1.628441237318404e-9
5.68	1.6100467000759298e-9
5.6899999999999995	1.591894973953055e-9
5.7	1.5739823250402565e-9
5.71	1.5563049101406119e-9
5.72	1.5388593091302794e-9
5.7299999999999995	1.5216420636491408e-9
5.74	1.5046497403523343e-9
5.75	1.4878789653151406e-9
5.76	1.4713264403590344e-9
5.77	1.4549888990277952e-9
5.78	1.4388631181991943e-9
5.79	1.4229459437690555e-9
5.8	1.4072342756263722e-9
5.81	1.3917251041013683e-9
5.82	1.3764155062316939e-9
5.83	1.3613023849594709e-9
5.84	1.3463828145185113e-9
5.85	1.3316539192705619e-9
5.86	1.3171128727194468e-9
5.87	1.3027566858184902e-9
5.88	1.2885828512255103e-9
5.89	1.274588768298588e-9
5.8999999999999995	1.2607718450358883e-9
5.91	1.2471295321216058e-9
5.92	1.2336594364213218e-9
5.93	1.2203590973700062e-9
5.9399999999999995	1.2072258904011295e-9
5.95	1.1942573796712154e-9
5.96	1.181451170059904e-9
5.97	1.168804906392444e-9
5.9799999999999995	1.1563161065354665e-9
5.99	1.1439826890937496e-9
6.	1.1318024540420165e-9
6.01	1.1197732308187176e-9
6.02	1.1078928839301491e-9
6.03	1.0961593831178087e-9
6.04	1.0845706645323078e-9
6.05	1.073124573060512e-9
6.06	1.0618190777614106e-9
6.07	1.0506521807683698e-9
6.08	1.039621916676453e-9
6.09	1.0287262336718872e-9
6.1	1.0179633537120767e-9
6.11	1.0073314498694317e-9
6.12	9.968287053602525e-10
6.13	9.864533320619743e-10
6.14	9.762036423224435e-10
6.15	9.660780429696204e-10
6.16	9.560745436754626e-10
6.17	9.461914122914341e-10
6.18	9.364269448410922e-10
6.1899999999999995	9.267794650023125e-10
6.2	9.172471271745407e-10
6.21	9.078283899922732e-10
6.22	8.985218768971598e-10
6.2299999999999995	8.893260780328157e-10
6.24	8.802395065336324e-10
6.25	8.712606981274532e-10
6.26	8.623883145247513e-10
6.27	8.536208331727693e-10
6.28	8.449568107503117e-10
6.29	8.36394848129243e-10
6.3	8.279335676817078e-10
6.31	8.195716141285834e-10
6.32	8.113076765458452e-10
6.33	8.03140407988482e-10
6.34	7.95068508392125e-10
6.35	7.870906975670041e-10
6.36	7.792057148549063e-10
6.37	7.714123113387385e-10
6.38	7.637092448956086e-10
6.39	7.560953464888688e-10
6.4	7.485694362939252e-10
6.41	7.411303521862796e-10
6.42	7.337769494419108e-10
6.43	7.265080879534034e-10
6.4399999999999995	7.193226446661061e-10
6.45	7.122195594486557e-10
6.46	7.051977607512123e-10
6.47	6.982561927819653e-10
6.4799999999999995	6.913938152458239e-10
6.49	6.846096301956459e-10
6.5	6.779026418148731e-10
6.51	6.712717956970233e-10
6.52	6.64716099291036e-10
6.53	6.582345747171641e-10
6.54	6.518262585231076e-10
6.55	6.454901761571361e-10
6.56	6.392253785608051e-10
6.57	6.330309994961767e-10
6.58	6.269061416737381e-10
6.59	6.208499207038707e-10
6.6	6.148614648882089e-10
6.61	6.089399241454172e-10
6.62	6.030844610748906e-10
6.63	5.972942155945251e-10
6.64	5.915683602145779e-10
6.65	5.859060793047421e-10
6.66	5.803065689032527e-10
6.67	5.747690441950373e-10
6.68	5.692927463263846e-10
6.6899999999999995	5.638768673006911e-10
6.7	5.585206420191089e-10
6.71	5.532233163503403e-10
6.72	5.479841469544278e-10
6.7299999999999995	5.428023995360074e-10
6.74	5.376772889190424e-10
6.75	5.326081792403904e-10
6.76	5.275943787654127e-10
6.77	5.226352053741753e-10
6.78	5.177299864115139e-10
6.79	5.128780585397143e-10
6.8	5.080788195962152e-10
6.81	5.033315771457924e-10
6.82	4.986356715269549e-10
6.83	4.939904657835842e-10
6.84	4.893953318968702e-10
6.85	4.848496506450519e-10
6.86	4.803527786552038e-10
6.87	4.759041209886483e-10
6.88	4.715031249139283e-10
6.89	4.671492141445942e-10
6.9	4.628418202222719e-10
6.91	4.585803823975626e-10
6.92	4.5436435329844774e-10
6.93	4.501932083281762e-10
6.9399999999999995	4.460663760430157e-10
6.95	4.419833205872186e-10
6.96	4.379435134061276e-10
6.97	4.3394643313496976e-10
6.9799999999999995	4.299915654895369e-10
6.99	4.2607840040082866e-10
7.	4.2220643978342845e-10
7.01	4.183751913160411e-10
7.02	4.1458416847248516e-10
7.03	4.1083289127138143e-10
7.04	4.0712088617780314e-10
7.05	4.034476928009046e-10
7.06	3.9981285745985796e-10
7.07	3.9621590700728286e-10
7.08	3.9265638976197047e-10
7.09	3.8913386011851834e-10
7.1	3.8564787845618073e-10
7.11	3.8219801104924124e-10
7.12	3.787837825074111e-10
7.13	3.7540481239200046e-10
7.14	3.7206070558062143e-10
7.15	3.687510590495527e-10
7.16	3.654754749841287e-10
7.17	3.6223356070348934e-10
7.18	3.5902494504212776e-10
7.1899999999999995	3.5584928861705923e-10
7.2	3.5270613999107863e-10
7.21	3.4959511589547773e-10
7.22	3.465158381705309e-10
7.2299999999999995	3.434679336897689e-10
7.24	3.404510342854873e-10
7.25	3.3746474418132925e-10
7.26	3.3450871717083675e-10
7.27	3.3158263246538513e-10
7.28	3.2868614835102645e-10
7.29	3.2581892748299663e-10
7.3	3.229806368233964e-10
7.31	3.201709475798624e-10
7.32	3.173895515707911e-10
7.33	3.146361121645575e-10
7.34	3.119103077657877e-10
7.35	3.092118235790878e-10
7.36	3.065403488384766e-10
7.37	3.0389557674996453e-10
7.38	3.0127720433073466e-10
7.39	2.9868493172246366e-10
7.4	2.961184648211822e-10
7.41	2.935775122986394e-10
7.42	2.9106178652050424e-10
7.43	2.885710034942358e-10
7.4399999999999995	2.861048828177726e-10
7.45	2.8366314793533584e-10
7.46	2.8124552594910234e-10
7.47	2.788517459521535e-10
7.4799999999999995	2.764815412688422e-10
7.49	2.741346485735109e-10
7.5	2.7181080784368904e-10
7.51	2.695097623140117e-10
7.52	2.672312523473413e-10
7.53	2.6497502453831107e-10
7.54	2.6274084366344896e-10
7.55	2.605284674523125e-10
7.56	2.5833765661175626e-10
7.57	2.561681747852011e-10
7.58	2.5401978851251514e-10
7.59	2.518922860033519e-10
7.6	2.49785443639471e-10
7.61	2.476990052125228e-10
7.62	2.456327432706366e-10
7.63	2.435864332283427e-10
7.64	2.4155985332659787e-10
7.65	2.3955278459342275e-10
7.66	2.375649936760758e-10
7.67	2.355962613489332e-10
7.68	2.3364640721999046e-10
7.6899999999999995	2.317152279420529e-10
7.7	2.298025226163272e-10
7.71	2.2790809275962793e-10
7.72	2.2603174227206938e-10
7.7299999999999995	2.2417328215900061e-10
7.74	2.2233252563011062e-10
7.75	2.2050927167955575e-10
7.76	2.1870333175292998e-10
7.77	2.1691451957631546e-10
7.78	2.151426511256821e-10
7.79	2.1338754459674017e-10
7.8	2.1164901799684105e-10
7.81	2.0992688516403095e-10
7.82	2.0822098390809334e-10
7.83	2.0653114255770674e-10
7.84	2.0485719146953586e-10
7.85	2.0319896300160425e-10
7.86	2.0155629148705034e-10
7.87	1.9992901320826427e-10
7.88	1.9831700000734238e-10
7.89	1.9672005569476712e-10
7.9	1.9513801665049933e-10
7.91	1.9357072288541028e-10
7.92	1.9201801635401073e-10
7.93	1.904797409284267e-10
7.94	1.889557423727605e-10
7.95	1.8744583901994598e-10
7.96	1.8594989899134305e-10
7.97	1.8446779283184343e-10
7.9799999999999995	1.8299937825009207e-10
7.99	1.8154451458147518e-10
8.	1.8010306276741842e-10
8.01	1.7867488533497282e-10
8.02	1.772598561632913e-10
8.03	1.7585785025268322e-10
8.04	1.7446871089420857e-10
8.05	1.7309230358666473e-10
8.06	1.7172849541397386e-10
8.07	1.7037715502457184e-10
8.08	1.6903815261109406e-10
8.09	1.6771135989035226e-10
8.1	1.66396642471271e-10
8.11	1.6509388278109523e-10
8.12	1.638029587062259e-10
8.13	1.625237487272693e-10
8.14	1.6125613272645952e-10
8.15	1.5999999196978484e-10
8.16	1.5875520908937386e-10
8.17	1.5752166765966038e-10
8.18	1.562992528869696e-10
8.19	1.550878520672484e-10
8.2	1.5388735322360076e-10
8.209999999999999	1.5269764565780727e-10
8.22	1.5151861993419022e-10
8.23	1.5035016786370638e-10
8.24	1.4919218248825689e-10
8.25	1.4804455811750534e-10
8.26	1.4690719015904683e-10
8.27	1.4577997524095022e-10
8.28	1.446628111703397e-10
8.29	1.4355559691022537e-10
8.3	1.424582325650679e-10
8.31	1.4137061936654151e-10
8.32	1.4029266153211616e-10
8.33	1.3922426638826863e-10
8.34	1.381653316241565e-10
8.35	1.371157620718202e-10
8.36	1.360754636460671e-10
8.37	1.350443433309493e-10
8.38	1.3402230916642722e-10
8.39	1.3300927023521862e-10
8.4	1.3200512538803662e-10
8.41	1.310097887444225e-10
8.42	1.3002318414922923e-10
8.43	1.2904522670730206e-10
8.44	1.28075832441047e-10
8.45	1.2711491827935044e-10
8.459999999999999	1.2616240204663632e-10
8.47	1.2521820245206311e-10
8.48	1.2428225876463387e-10
8.49	1.2335447534166835e-10
8.5	1.2243476516610957e-10
8.51	1.2152304801186824e-10
8.52	1.2061924456090238e-10
8.53	1.19723276391994e-10
8.54	1.1883506596967309e-10
8.55	1.1795453663329097e-10
8.56	1.1708159031242216e-10
8.57	1.1621617518809013e-10
8.58	1.1535822104304051e-10
8.59	1.145076567879975e-10
8.6	1.1366441208550114e-10
8.61	1.1282841734085017e-10
8.62	1.1199960369314271e-10
8.63	1.1117790349651645e-10
8.64	1.1036327113821506e-10
8.65	1.0955561507296576e-10
8.66	1.0875486717813431e-10
8.67	1.0796096008974074e-10
8.68	1.0717382719305276e-10
8.69	1.0639340261327821e-10
8.7	1.0561962120635847e-10
8.71	1.0485241776025999e-10
8.72	1.0409170874415757e-10
8.73	1.0333745414369646e-10
8.74	1.0258959359090217e-10
8.75	1.0184806733938244e-10
8.76	1.0111281625640825e-10
8.77	1.0038378181501732e-10
8.78	9.966090608613308e-11
8.79	9.894413173069128e-11
8.8	9.82334217136749e-11
8.81	9.752869850052881e-11
8.82	9.682990420483884e-11
8.83	9.613698203427526e-11
8.84	9.544987580738766e-11
8.85	9.47685299448905e-11
8.86	9.409288946089334e-11
8.87	9.342289995405503e-11
8.88	9.275849160062052e-11
8.89	9.209962585189563e-11
8.9	9.144625466876711e-11
8.91	9.079832749153093e-11
8.92	9.015579424082159e-11
8.93	8.951860530811474e-11
8.94	8.888671154585197e-11
8.95	8.826006425712032e-11
8.96	8.763862387235143e-11
8.97	8.702233794833141e-11
8.98	8.641115284851232e-11
8.99	8.580502043610528e-11
9.	8.520389300677362e-11
9.01	8.460772327345384e-11
9.02	8.401646434992259e-11
9.03	8.343006973288965e-11
9.04	8.284849160668646e-11
9.05	8.227168296200432e-11
9.06	8.169960183112732e-11
9.07	8.113220340996017e-11
9.08	8.056944313854176e-11
9.09	8.001127666639313e-11
9.1	7.945765981287039e-11
9.11	7.890854852148439e-11
9.12	7.836389880690416e-11
9.13	7.782366689153314e-11
9.14	7.728780851866822e-11
9.15	7.675627947989458e-11
9.16	7.622903531659681e-11
9.17	7.570603119348876e-11
9.18	7.518722174785118e-11
9.19	7.467256090495392e-11
9.2	7.41620016500025e-11
9.21	7.365549427580156e-11
9.22	7.3152989392572e-11
9.23	7.265443656728224e-11
9.24	7.215978150793888e-11
9.25	7.16689665052519e-11
9.26	7.118192940317486e-11
9.27	7.069860220628251e-11
9.28	7.021890915875438e-11
9.29	6.97427643055548e-11
9.3	6.927007421464043e-11
9.31	6.880070967134567e-11
9.32	6.833451991083232e-11
9.33	6.787131027993038e-11
9.34	6.741081726572646e-11
9.35	6.695266280325742e-11
9.36	6.649626256950412e-11
9.37	6.604061639206605e-11
9.38	6.558371962598363e-11
9.39	6.512022565808808e-11
9.4	6.45902308376099e-11
9.41	6.252558014215974e-11
9.42	6.203038724857622e-11
9.43	6.155637770141088e-11
9.44	6.109501215373589e-11
9.45	6.064294211687066e-11
9.46	6.019842536210577e-11
9.47	5.976041659194326e-11
9.48	5.932821091717089e-11
9.49	5.890130865216362e-11
9.5	5.847933835757898e-11
9.51	5.806201169213391e-11
9.52	5.764909773269546e-11
9.53	5.724040673323703e-11
9.54	5.683577939364768e-11
9.55	5.6435079465846476e-11
9.56	5.6038182691444305e-11
9.57	5.564499139400288e-11
9.58	5.52554132496906e-11
9.59	5.486936518630374e-11
9.6	5.448677176656901e-11
9.61	5.410756392716027e-11
9.62	5.373167798178806e-11
9.63	5.3359054823429536e-11
9.64	5.298964088701358e-11
9.65	5.262339039599477e-11
9.66	5.226024610237626e-11
9.67	5.1900161111865915e-11
9.68	5.154309084330529e-11
9.69	5.11889927731464e-11
9.7	5.083782621835985e-11
9.71	5.0489552150854335e-11
9.72	5.014413303791959e-11
9.73	4.980152875236467e-11
9.74	4.946169703600234e-11
9.75	4.9124616859649206e-11
9.76	4.87902566097041e-11
9.77	4.8458585620275345e-11
9.78	4.8129574101404226e-11
9.79	4.780319307536075e-11
9.8	4.747941431989792e-11
9.81	4.715821031753321e-11
9.82	4.683955880302333e-11
9.83	4.652344211488291e-11
9.84	4.6209819690279966e-11
9.85	4.5898665105694834e-11
9.86	4.558995247154973e-11
9.87	4.528365640489037e-11
9.88	4.497975200446204e-11
9.89	4.4678214827913376e-11
9.9	4.437902087089539e-11
9.91	4.4082144034914384e-11
9.92	4.3787551520538284e-11
9.93	4.349523397035907e-11
9.94	4.320517001075491e-11
9.95	4.291733860979695e-11
9.96	4.2631719064122656e-11
9.97	4.234829098672853e-11
9.98	4.2067034295596886e-11
9.99	4.1787929203081615e-11
10.	4.151095620598486e-11