0.01	0
0.02	0
0.03	0
0.04	0
0.05	0
0.060000000000000005	0
0.06999999999999999	0
0.08	0
0.09	0
0.09999999999999999	0
0.11	0
0.12	0
0.13	0
0.14	0
0.15000000000000002	0
0.16	0
0.17	0
0.18000000000000002	0
0.19	0
0.2	0
0.21000000000000002	0
0.22	0
0.23	0
0.24000000000000002	0
0.25	0
0.26	0
0.27	0
0.28	0
0.29000000000000004	0
0.3	0
0.31	0
0.32	0
0.33	0
0.34	0
0.35000000000000003	0
0.36000000000000004	0
0.37	0
0.38	0
0.39	0
0.4	0
0.41000000000000003	0
0.42000000000000004	0
0.43	0
0.44	0
0.45	0
0.46	0
0.47000000000000003	0
0.48000000000000004	0
0.49	0
0.5	0
0.51	0
0.52	0
0.53	0
0.54	0
0.55	0
0.56	0
0.5700000000000001	0
0.5800000000000001	0
0.59	0
0.6	0
0.61	0
0.62	0
0.63	0
0.64	0
0.65	0
0.66	0
0.67	0
0.68	0
0.6900000000000001	0
0.7000000000000001	0
0.7100000000000001	0
0.72	0
0.73	0
0.74	0
0.75	0
0.76	0
0.77	0
0.78	0
0.79	0
0.8	0
0.81	0
0.8200000000000001	0
0.8300000000000001	0
0.8400000000000001	0
0.85	0
0.86	0
0.87	0
0.88	0
0.89	0
0.9	0
0.91	0
0.92	0
0.93	0
0.9400000000000001	0
0.9500000000000001	0
0.9600000000000001	0
0.97	0
0.98	0
0.99	0
1.	0
1.01	0
1.02	0
1.03	0
1.04	0
1.05	0
1.06	0
1.07	0
1.08	0
1.09	0
1.1	0
1.11	0
1.12	0
1.1300000000000001	0
1.1400000000000001	0
1.1500000000000001	0
1.1600000000000001	0
1.17	0
1.18	0
1.19	0
1.2	0
1.21	0
1.22	0
1.23	0
1.24	0
1.25	0
1.26	0
1.27	0
1.28	0
1.29	0
1.3	0
1.31	0
1.32	0
1.33	0
1.34	0
1.35	0
1.36	0
1.37	0
1.3800000000000001	0
1.3900000000000001	0
1.4000000000000001	0
1.4100000000000001	0
1.42	0
1.43	0
1.44	0
1.45	0
1.46	0
1.47	0
1.48	0
1.49	0
1.5	0
1.51	0
1.52	0
1.53	0
1.54	0
1.55	0
1.56	0
1.57	0
1.58	0
1.59	0
1.6	0
1.61	0
1.62	0
1.6300000000000001	0
1.6400000000000001	0
1.6500000000000001	0
1.6600000000000001	0
1.6700000000000002	0
1.68	0
1.69	0
1.7	0
1.71	0
1.72	0
1.73	0
1.74	0
1.75	0
1.76	0
1.77	0
1.78	0
1.79	0
1.8	0
1.81	0
1.82	0
1.83	0
1.84	0
1.85	0
1.86	0
1.87	0
1.8800000000000001	0
1.8900000000000001	0
1.9000000000000001	0
1.9100000000000001	0
1.9200000000000002	0
1.93	0
1.94	0
1.95	0
1.96	0
1.97	0
1.98	0
1.99	0
2.	0.10136926927425825
2.01	0.10149908619089316
2.02	0.10163287217104176
2.03	0.10177106277805104
2.04	0.10191421857531013
2.05	0.1020626366438361
2.0599999999999996	0.10221657816071887
2.07	0.10237640406175909
2.0799999999999996	0.10254255978458314
2.09	0.10271521559204587
2.0999999999999996	0.10289462990700021
2.11	0.10308102249430456
2.1199999999999997	0.10327460370390394
2.13	0.1034760799708898
2.1399999999999997	0.10368606534817121
2.15	0.10390524338209517
2.1599999999999997	0.10413431563755009
2.17	0.10437337115472552
2.1799999999999997	0.10462274961739736
2.19	0.10488386032341504
2.1999999999999997	0.10515785781797185
2.21	0.10544484000262322
2.2199999999999998	0.10574525763614938
2.23	0.10606074760298617
2.2399999999999998	0.10639280094786643
2.25	0.10674192459743197
2.26	0.10710890899251596
2.27	0.1074953044719114
2.28	0.10790265557450528
2.29	0.10833244419055485
2.3	0.10878634060537103
2.31	0.10926625968175784
2.32	0.10977433097547991
2.3299999999999996	0.11031284684959387
2.34	0.1108843511258212
2.3499999999999996	0.1114917591199133
2.36	0.11213838831584005
2.3699999999999997	0.11282794360992295
2.38	0.11356461089298811
2.3899999999999997	0.11435319730024002
2.4	0.11519918431640541
2.4099999999999997	0.11610894780596868
2.42	0.11709012810091411
2.4299999999999997	0.11815169447462201
2.44	0.11930435038183647
2.4499999999999997	0.12056103597174435
2.46	0.12193749517207558
2.4699999999999998	0.12345324643314136
2.48	0.12513294702753322
2.4899999999999998	0.12700838387181285
2.5	0.129121597928591
2.51	0.13152920152928096
2.52	0.13431118198221875
2.53	0.13758703582090104
2.54	0.1415457943832924
2.55	0.14651582707973837
2.56	0.15316023595921932
2.57	0.16326090000143784
2.5799999999999996	0.1968797067128071
2.59	0.11292100773891812
2.5999999999999996	0.10859516081888584
2.61	0.1052442442932656
2.6199999999999997	0.10242059366958264
2.63	0.09994594257828368
2.6399999999999997	0.09772656587764199
2.65	0.09570527515023457
2.6599999999999997	0.09384390250025886
2.67	0.09211556625472807
2.6799999999999997	0.09050051373822983
2.69	0.08898368714920987
2.6999999999999997	0.08755255127377665
2.71	0.08619697891915108
2.7199999999999998	0.08490899490236763
2.73	0.08368214824881323
2.7399999999999998	0.08251101852351793
2.75	0.08139043849608574
2.76	0.08031603409011895
2.77	0.0792841298261117
2.78	0.07829158190341742
2.79	0.07733559103968296
2.8	0.07641359714315303
2.81	0.07552331527194316
2.82	0.0746627241613557
2.8299999999999996	0.07383004511037375
2.84	0.07302371492091286
2.8499999999999996	0.0722421354514753
2.86	0.07148385780784934
2.8699999999999997	0.07074756285091213
2.88	0.0700321588874242
2.8899999999999997	0.0693366061585753
2.9	0.06865992843374598
2.9099999999999997	0.06800121485153753
2.92	0.06735967945105711
2.9299999999999997	0.06673444522244433
2.94	0.06612469313006304
2.9499999999999997	0.06552965245207319
2.96	0.06494888796127765
2.9699999999999998	0.06438200442974373
2.98	0.06382842171594132
2.9899999999999998	0.06328740414149785
3.	0.06275821566139454
3.01	0.062240517646409414
3.02	0.06173398012252919
3.03	0.061238397926751544
3.04	0.0607531568377209
3.05	0.060277785562125076
3.06	0.05981181325434637
3.07	0.059355053722221184
3.08	0.05890727269682457
3.09	0.05846819988182622
3.0999999999999996	0.058037447909938714
3.11	0.057614674140279654
3.1199999999999997	0.05719961220114462
3.13	0.0567920512733716
3.1399999999999997	0.05639175677039513
3.15	0.05599852127386692
3.1599999999999997	0.05561215006637409
3.17	0.05523249169590351
3.1799999999999997	0.054859310930728454
3.19	0.054492386970692856
3.1999999999999997	0.054131450485186014
3.21	0.05377641631955324
3.2199999999999998	0.053427173354526625
3.23	0.05308370478262991
3.2399999999999998	0.0527457326860635
3.25	0.05241305234658461
3.26	0.0520854007224947
3.27	0.05176272719662312
3.28	0.05144492939467599
3.29	0.05113192542060698
3.3	0.05082357489511205
3.31	0.050519758715320516
3.32	0.05022034393197796
3.33	0.04992525465417393
3.34	0.04963440669466577
3.3499999999999996	0.0493477612538253
3.36	0.049065172974079
3.3699999999999997	0.0487865147293593
3.38	0.048511652073859914
3.3899999999999997	0.04824050467267553
3.4	0.04797299754976177
3.4099999999999997	0.04770903501771891
3.42	0.047448551043113615
3.4299999999999997	0.04719149369929609
3.44	0.04693781480843422
3.4499999999999997	0.04668745290087222
3.46	0.046440323114774036
3.4699999999999998	0.04619635852178042
3.48	0.04595549444495419
3.4899999999999998	0.04571765886062272
3.5	0.04548278565198537
3.51	0.04525080650274801
3.52	0.04502166768207175
3.53	0.04479531225799224
3.54	0.04457170296284571
3.55	0.030057477438436193
3.56	0.026464214243997756
3.57	0.0242395240044621
3.58	0.022636678252253004
3.59	0.021392463323426106
3.5999999999999996	0.02038184126256164
3.61	0.019535302937496783
3.6199999999999997	0.018810149400696086
3.63	0.018178277753364832
3.6399999999999997	0.01762021492442851
3.65	0.01712191304551872
3.6599999999999997	0.016672917287700723
3.67	0.016265240946488055
3.6799999999999997	0.015892650946247956
3.69	0.015550192789911734
3.6999999999999997	0.015233864370056353
3.71	0.014940388024475948
3.7199999999999998	0.014667055159102353
3.73	0.014411595288365548
3.7399999999999998	0.014172089273228427
3.75	0.012043266370451246
3.76	0.011261077805644578
3.77	0.010702973669586483
3.78	0.010260828018602371
3.79	0.009892438424533778
3.8	0.009576042568340866
3.81	0.00929866215785561
3.82	0.00905182446997324
3.83	0.00882963896717162
3.84	0.00862781816006513
3.8499999999999996	0.008443130173350077
3.86	0.008273070594419661
3.8699999999999997	0.00811565435628279
3.88	0.007969278262093663
3.8899999999999997	0.00783262801570075
3.9	0.007704611119939864
3.9099999999999997	0.007584309172672624
3.92	0.007470942991151339
3.9299999999999997	0.007363841024262929
3.94	0.007262424734653467
3.9499999999999997	0.007166189655746715
3.96	0.007074695908631983
3.9699999999999998	0.006987557396453487
3.98	0.006904431494306676
3.9899999999999998	0.0068250145446602725
4.	0.006749032911057242
4.01	0.006676241818084732
4.02	0.006606420764999559
4.03	0.006539370238896274
4.04	0.00647491124272579
4.05	0.006412880244855869
4.06	0.006353128742096401
4.07	0.006295520214681021
4.08	0.006239928694599327
4.09	0.006186239022987043
4.1	0.006134344669603738
4.109999999999999	0.006084148372127096
4.12	0.006035560179383135
4.13	0.0059884966151257666
4.14	0.005942880550899759
4.1499999999999995	0.005898639573272662
4.16	0.005855706533282655
4.17	0.0058140188464859445
4.18	0.005773518095154069
4.1899999999999995	0.005734149592324547
4.2	0.005695862161671836
4.21	0.0056586076486519945
4.22	0.005622340812764309
4.2299999999999995	0.005587020034219291
4.24	0.005552605730866551
4.25	0.005519060764108715
4.26	0.0054863500175038864
4.27	0.005454439961461542
4.28	0.005423299130121606
4.29	0.005392897978878604
4.3	0.005363208302971599
4.31	0.005334202986389111
4.32	0.005305856557242482
4.33	0.005278144611952725
4.34	0.005251044262245348
4.35	0.005224534093110775
4.36	0.005198593506116535
4.37	0.005173203076376737
4.38	0.005148344069786028
4.39	0.0051239983522998874
4.3999999999999995	0.005100148809125928
4.41	0.005076778640707078
4.42	0.005053872303270692
4.43	0.005031415827591095
4.4399999999999995	0.0050093953145708536
4.45	0.004987798003639573
4.46	0.00496661134474529
4.47	0.004945821755567012
4.4799999999999995	0.004925417072472501
4.49	0.004905385314819764
4.5	0.004885714821738891
4.51	0.004866396148762147
4.52	0.00484741937999782
4.53	0.004828775124815149
4.54	0.0048104551609993275
4.55	0.004792449149114323
4.56	0.0047747482009142745
4.57	0.004757343756056631
4.58	0.004740226181202062
4.59	0.004723389262715814
4.6	0.0047068260028224305
4.61	0.00469052952686444
4.62	0.0046744940037551485
4.63	0.004658712364356
4.64	0.004643177686962356
4.6499999999999995	0.004627883650993624
4.66	0.004612823975883792
4.67	0.004597992746936388
4.68	0.004583384638383403
4.6899999999999995	0.004568994266351195
4.7	0.004554816457862672
4.71	0.004540846400084146
4.72	0.004527078855690004
4.7299999999999995	0.004513509011329245
4.74	0.004500132204861716
4.75	0.004486943719268478
4.76	0.004473939375748541
4.77	0.004461115080393591
4.78	0.0044484668013821255
4.79	0.004435990601464875
4.8	0.004423682679145446
4.81	0.004411539427647181
4.82	0.004399557301862771
4.83	0.004387732861577493
4.84	0.004376062648530898
4.85	0.004364543569521463
4.86	0.004353172523751566
4.87	0.0043419464926195105
4.88	0.004330862713375412
4.89	0.004319918306893872
4.8999999999999995	0.004309110210159968
4.91	0.004298435627244613
4.92	0.004287891838015518
4.93	0.004277475616595942
4.9399999999999995	0.004267185116114285
4.95	0.004257018036380854
4.96	0.004246972116851689
4.97	0.004237045462370252
4.9799999999999995	0.004227235981802125
4.99	0.004217540948357688
5.	0.004207958128050459
5.01	0.00419848534283506
5.02	0.004189120221878997
5.03	0.00417986095305044
5.04	0.0041707056615203015
5.05	0.004161652462665506
5.06	0.0041526994431388764
5.07	0.004143844560590634
5.08	0.004135086533653436
5.09	0.004126423776758285
5.1	0.0041178547454578515
5.11	0.004109378290810498
5.12	0.004100992857723888
5.13	0.004092696459375562
5.14	0.004084487508345153
5.1499999999999995	0.004076364453249313
5.16	0.004068325425058736
5.17	0.004060369281942153
5.18	0.004052494806069802
5.1899999999999995	0.004044700704018093
5.2	0.004036985714155243
5.21	0.004029348860045111
5.22	0.0040217886101182425
5.2299999999999995	0.004014303718341237
5.24	0.004006892966280072
5.25	0.003999555108350186
5.26	0.003992288826677042
5.27	0.003985093272398135
5.28	0.0039779674016788644
5.29	0.003970910194541001
5.3	0.00396392092029235
5.31	0.003956998789088976
5.32	0.0039501421337447525
5.33	0.003943349824436392
5.34	0.003936620752578203
5.35	0.003929953261622106
5.36	0.003923346259639653
5.37	0.003916799753488637
5.38	0.003910313037976317
5.39	0.00390388542599487
5.3999999999999995	0.0038975167682869546
5.41	0.0038912063103987474
5.42	0.0038849526141903953
5.43	0.003878754800600992
5.4399999999999995	0.003872612006898916
5.45	0.003866523141368176
5.46	0.003860487427609499
5.47	0.0038545044153594286
5.4799999999999995	0.003848573421571812
5.49	0.0038426937774879966
5.5	0.0038368650414835406
5.51	0.0038310865604528916
5.52	0.00382535734696441
5.53	0.003819676676721213
5.54	0.003814043838191571
5.55	0.0038084578640225314
5.56	0.003802917951242352
5.57	0.003797424034379071
5.58	0.0037919756155064383
5.59	0.0037865722079509375
5.6	0.003781213461508774
5.61	0.003775899143851743
5.62	0.00377062829873121
5.63	0.003765400364936605
5.64	0.003760214791374889
5.6499999999999995	0.0037550710514291795
5.66	0.003749968806083983
5.67	0.0037449072724304927
5.68	0.0037398858863602214
5.6899999999999995	0.003734904092817869
5.7	0.0037299613455999492
5.71	0.0037250566865854973
5.72	0.00372019001476739
5.7299999999999995	0.003715361005872076
5.74	0.003710569259316975
5.75	0.003705814382459409
5.76	0.003701096034492491
5.77	0.003696413819585428
5.78	0.003691767316270866
5.79	0.003687156145098002
5.8	0.0036825799337784136
5.81	0.0036780384161820834
5.82	0.00367353142990954
5.83	0.0036690582206366793
5.84	0.0036646183550488247
5.85	0.0036602114062717537
5.86	0.003655836953738797
5.87	0.0036514939924092364
5.88	0.0036471827298366513
5.89	0.0036429030049786562
5.8999999999999995	0.003638654565886529
5.91	0.0036344371663861565
5.92	0.003630250902326103
5.93	0.003626095565776862
5.9399999999999995	0.0036219703421013667
5.95	0.0036178748509226237
5.96	0.0036138087170277276
5.97	0.0036097715702654624
5.9799999999999995	0.0036057625273573386
5.99	0.003601781830536455
6.	0.003597829253407459
6.01	0.003593904554984064
6.02	0.0035900074989531554
6.03	0.0035861380852641074
6.04	0.003582296104724878
6.05	0.003578480938185377
6.06	0.0035746922639246287
6.07	0.003570929764405852
6.08	0.003567193126197623
6.09	0.003563481630209931
6.1	0.0035597953936972386
6.11	0.0035561342731805835
6.12	0.0035524980637364405
6.13	0.0035488865642691408
6.14	0.003545299840105105
6.15	0.0035417382152469847
6.16	0.003538200466497036
6.17	0.0035346861996051323
6.18	0.0035311950236239795
6.1899999999999995	0.0035277265508435155
6.2	0.0035242796420129193
6.21	0.003520854209198256
6.22	0.003517450721727438
6.2299999999999995	0.003514069055743867
6.24	0.003510709090602416
6.25	0.0035073707088204022
6.26	0.0035040542177029368
6.27	0.003500759098173844
6.28	0.0034974850579268186
6.29	0.003494231897340079
6.3	0.0034909994196113
6.31	0.0034877874359125383
6.32	0.0034845958616777114
6.33	0.0034814243743948093
6.34	0.003478272766563797
6.35	0.003475140833257536
6.36	0.00347202837207999
6.37	0.0034689351496054
6.38	0.0034658608788446076
6.39	0.0034628055217563675
6.4	0.003459768914408531
6.41	0.003456750895240848
6.42	0.0034537513050288764
6.43	0.0034507699275237395
6.4399999999999995	0.0034478065477018256
6.45	0.0034448611749740283
6.46	0.003441933691824511
6.47	0.003439023982947049
6.4799999999999995	0.0034361319352137817
6.49	0.003433257573587225
6.5	0.003430400865004937
6.51	0.0034275614067223008
6.52	0.003424739031233118
6.53	0.003421933572976943
6.54	0.003419144868310484
6.55	0.0034163726216407423
6.56	0.003413616596052369
6.57	0.003410876926084028
6.58	0.003408153516505429
6.59	0.003405446273953965
6.6	0.0034027551069102987
6.61	0.0034000799766562818
6.62	0.00339742085031651
6.63	0.0033947775011074887
6.64	0.0033921498176220696
6.65	0.003389537690143109
6.66	0.003386941010621557
6.67	0.003384359717791621
6.68	0.0033817938407229224
6.6899999999999995	0.003379243053675092
6.7	0.00337670721775229
6.71	0.0033741861955707934
6.72	0.003371679851239454
6.7299999999999995	0.0033691880405725396
6.74	0.003366710236478977
6.75	0.00336424677766863
6.76	0.0033617976004971326
6.77	0.0033593626428162575
6.78	0.0033569418439570887
6.79	0.003354535144713532
6.8	0.0033521428304218916
6.81	0.0033497645389296985
6.82	0.0033474000590030736
6.83	0.0033450492698299003
6.84	0.0033427120518871277
6.85	0.003340388286926185
6.86	0.003338077629952013
6.87	0.003335780009070298
6.88	0.0033334955943317823
6.89	0.0033312243400537354
6.9	0.0033289662018564105
6.91	0.003326721136650373
6.92	0.0033244891449552274
6.93	0.0033222703429084625
6.9399999999999995	0.00332006444976956
6.95	0.0033178713903711265
6.96	0.0033156910907241404
6.97	0.0033135234780070125
6.9799999999999995	0.0033113684805549186
6.99	0.003309226006429711
7.	0.0033070960041735958
7.01	0.0033049784161808685
7.02	0.0033028731794247012
7.03	0.0033007802319915017
7.04	0.0032986995130718346
7.05	0.0032966310184692105
7.06	0.003294574750705461
7.07	0.003292530502456668
7.08	0.0032904981913832636
7.09	0.0032884777361729426
7.1	0.003286469056533367
7.11	0.003284472073185092
7.12	0.003282486296473888
7.13	0.0032805120036898906
7.14	0.0032785493061597945
7.15	0.0032765982029739978
7.16	0.003274658694303053
7.17	0.0032727307813911937
7.18	0.003270814616464823
7.1899999999999995	0.0032689106039612247
7.2	0.0032670180792061603
7.21	0.0032651369474825647
7.22	0.003263267114988083
7.2299999999999995	0.0032614084888313477
7.24	0.00325956097702848
7.25	0.0032577241748168273
7.26	0.003255898103588092
7.27	0.0032540829923690283
7.28	0.003252278828395591
7.29	0.003250485599891474
7.3	0.00324870329606489
7.31	0.0032469319071055536
7.32	0.003245171592126444
7.33	0.0032434221809231507
7.34	0.0032416836128645542
7.35	0.0032399558557649304
7.36	0.0032382388783773345
7.37	0.0032365326503924516
7.38	0.0032348371413179026
7.39	0.003233152313601014
7.4	0.0032314781516002583
7.41	0.0032298146302684664
7.42	0.0032281617254958286
7.43	0.003226519414110224
7.4399999999999995	0.003224887673877803
7.45	0.003223266486984508
7.46	0.003221655838590312
7.47	0.003220055698225156
7.4799999999999995	0.003218466045758132
7.49	0.0032168868620017503
7.5	0.003215318128714184
7.51	0.0032137598286017892
7.52	0.003212211872196052
7.53	0.0032106742057677914
7.54	0.003209146959276868
7.55	0.0032076301436413596
7.56	0.003206123770768154
7.57	0.003204627853556501
7.58	0.003203142405901874
7.59	0.003201667681820162
7.6	0.003200203756317924
7.61	0.003198750250430892
7.62	0.003197307112103392
7.63	0.0031958742902390798
7.64	0.003194451734709128
7.65	0.003193039396360833
7.66	0.00319163699690113
7.67	0.0031902444063434186
7.68	0.003188861986718123
7.6899999999999995	0.0031874897620737847
7.7	0.003186127757537741
7.71	0.0031847759993247713
7.72	0.003183434514746176
7.7299999999999995	0.003182103399698164
7.74	0.003180782751658375
7.75	0.00317947243335871
7.76	0.003178172451461
7.77	0.003176882813758967
7.78	0.003175603529191059
7.79	0.003174334607853828
7.8	0.0031730760253585034
7.81	0.0031718276617467888
7.82	0.0031705897267010545
7.83	0.003169362259524724
7.84	0.00316814530076763
7.85	0.003166938892241742
7.86	0.0031657430770374905
7.87	0.003164557899540748
7.88	0.0031633839419824045
7.89	0.003162220680441526
7.9	0.0031610680716970775
7.91	0.0031599261001610274
7.92	0.0031587947516136454
7.93	0.0031576740132283174
7.94	0.003156563873597279
7.95	0.0031554638295576113
7.96	0.003154374177580864
7.97	0.0031532952355793923
7.9799999999999995	0.003152227081058453
7.99	0.0031511697931015602
8.	0.0031501234523974232
8.01	0.003149088141267903
8.02	0.00314806411750315
8.03	0.003147051638306253
8.04	0.003146050368473282
8.05	0.0031450603376491624
8.06	0.003144081577266738
8.07	0.0031431141205856736
8.08	0.0031421580027327914
8.09	0.0031412132607439498
8.1	0.0031402797899456416
8.11	0.0031393577748697527
8.12	0.0031384472914180363
8.13	0.0031375484021200456
8.14	0.0031366611716446197
8.15	0.0031357856668508726
8.16	0.0031349219568411893
8.17	0.0031340701049292273
8.18	0.0031332301825587753
8.19	0.0031324022791722615
8.2	0.0031315864754741813
8.209999999999999	0.0031307828547090318
8.22	0.0031299915027279313
8.23	0.0031292125080578928
8.24	0.003128445961973914
8.25	0.0031276919596786574
8.26	0.0031269505971318295
8.27	0.0031262219740009734
8.28	0.0031255061931996743
8.29	0.0031248033607968635
8.3	0.0031241135861087735
8.31	0.00312343698179474
8.32	0.003122773705639918
8.33	0.0031221239652887266
8.34	0.0031214877323937976
8.35	0.0031208651159825144
8.36	0.0031202562289884108
8.37	0.0031196611883769296
8.38	0.0031190801152767827
8.39	0.0031185131351172445
8.4	0.0031179601117683068
8.41	0.0031174212449228728
8.42	0.003116896950113273
8.43	0.003116387421030816
8.44	0.0031158928563846675
8.45	0.003115413460075803
8.459999999999999	0.003114949441379356
8.47	0.0031145010151359
8.48	0.003114068895207405
8.49	0.0031136529129865784
8.5	0.0031132530918585683
8.51	0.003112869607790117
8.52	0.0031125026435429534
8.53	0.003112152388940788
8.54	0.0031118190411502412
8.55	0.003111502804976593
8.56	0.003111203301294331
8.57	0.003110921357075967
8.58	0.003110657307100243
8.59	0.0031104114519185143
8.6	0.0031101841013061226
8.61	0.0031099755746586744
8.62	0.0031097862014111475
8.63	0.00310961633518961
8.64	0.003109466941576434
8.65	0.0031093376919175872
8.66	0.0031092288987301067
8.67	0.0031091408872500844
8.68	0.003109073996041165
8.69	0.0031090285776412376
8.7	0.0031090049992503
8.71	0.0031090036200503712
8.72	0.003109024246281273
8.73	0.003109067971954636
8.74	0.0031091352911117435
8.75	0.003109226716414716
8.76	0.0031093427801454866
8.77	0.0031094840352754805
8.78	0.003109651056612246
8.79	0.0031098444420298572
8.8	0.0031100654381855416
8.81	0.003110314025899567
8.82	0.003110590806622012
8.83	0.003110896425982972
8.84	0.0031112315606788704
8.85	0.003111596920418557
8.86	0.00311199325002919
8.87	0.003112421331738211
8.88	0.0031128814507723856
8.89	0.003113374957304965
8.9	0.0031139029192372696
8.91	0.0031144663525428684
8.92	0.00311506632501444
8.93	0.0031157039600544292
8.94	0.00311638044083066
8.95	0.0031170970148407195
8.96	0.003117855308005478
8.97	0.0031186565535042837
8.98	0.003119502002677137
8.99	0.0031203931734491686
9.	0.0031213316794230293
9.01	0.0031223192382904092
9.02	0.00312335768121921
9.03	0.0031244489633583464
9.04	0.003125595112410095
9.05	0.0031267983209121485
9.06	0.003128061124918977
9.07	0.0031293861248429694
9.08	0.003130776121263602
9.09	0.0031322341369628606
9.1	0.0031337634421822478
9.11	0.0031353675836966184
9.12	0.003137050418434601
9.13	0.003138816160552231
9.14	0.0031406694024193995
9.15	0.0031426151927222918
9.16	0.003144659092050179
9.17	0.0031468072481439725
9.18	0.00314906648613024
9.19	0.003151444417417387
9.2	0.0031539495722023906
9.21	0.003156591499262576
9.22	0.003159381110747536
9.23	0.003162330898920238
9.24	0.003165455161180567
9.25	0.0031687704644093803
9.26	0.003172296183649619
9.27	0.003176055217378833
9.28	0.0031800749557856257
9.29	0.0031843886332992935
9.3	0.003189037538212979
9.31	0.003194072769457467
9.32	0.0031995605239067623
9.33	0.003205588448683369
9.34	0.0032122768577504536
9.35	0.003219798855912774
9.36	0.003228419933427517
9.37	0.003238586647732571
9.38	0.003251168721551208
9.39	0.0032684095877605905
9.4	0.003313884341376592
9.41	0.00301626234196994
9.42	0.0030042930636339066
9.43	0.0029945485819877988
9.44	0.0029859662785105077
9.45	0.002978133339591557
9.46	0.002970837447475756
9.47	0.0029639524843155483
9.48	0.002957395541270775
9.49	0.002951108908881755
9.5	0.002945050525037889
9.51	0.0029391885397048083
9.52	0.0029334981324126135
9.53	0.002927959503226972
9.54	0.0029225565477714404
9.55	0.002917275949098303
9.56	0.0029121062340755964
9.57	0.0029070382623890252
9.58	0.0029020639337606745
9.59	0.0028971762393995145
9.6	0.002892369064780879
9.61	0.002887637036152157
9.62	0.002882975399453504
9.63	0.0028783799236480967
9.64	0.0028738469099112715
9.65	0.002869373281634897
9.66	0.0028649555065841676
9.67	0.0028605907551027235
9.68	0.0028562764464603423
9.69	0.0028520102183495107
9.7	0.0028477899010482905
9.71	0.0028436134954037484
9.72	0.002839479153965792
9.73	0.002835384939737688
9.74	0.002831328839390604
9.75	0.002827310096199851
9.76	0.0028233273950316134
9.77	0.002819379510573108
9.78	0.002815465299067477
9.79	0.0028115836910117173
9.8	0.0028077336846834442
9.81	0.0028039143403838936
9.82	0.0028001250498747867
9.83	0.002796365502737267
9.84	0.002792634028845621
9.85	0.0027889298089085017
9.86	0.002785252063987301
9.87	0.0027816000524924934
9.88	0.002777973067463075
9.89	0.0027743704340970916
9.9	0.0027707915075053653
9.91	0.002767235512915619
9.92	0.0027637012498641996
9.93	0.0027601889921406515
9.94	0.0027566982644053307
9.95	0.002753228613182353
9.96	0.0027497796055236095
9.97	0.002746350827777881
9.98	0.0027429418844550583
9.99	0.0027395523971765765
10.	0.0027361820037041305